output_file,output_row,output_row_key,output_column,source_file,source_row_key,source_column,transformation
training_exposure_compact.csv,1,run=Y24,run,paper/tables/training_exposure.csv,run=Y24,run,identity selection
training_exposure_compact.csv,1,run=Y24,optimizer_steps,paper/tables/training_exposure.csv,run=Y24,optimizer_steps,identity selection
training_exposure_compact.csv,1,run=Y24,total_exposure,paper/tables/training_exposure.csv,run=Y24,total_exposure,identity selection
training_exposure_compact.csv,1,run=Y24,Y_exposure,paper/tables/training_exposure.csv,run=Y24,Y_exposure,identity selection
training_exposure_compact.csv,1,run=Y24,N_exposure,paper/tables/training_exposure.csv,run=Y24,N_exposure,identity selection
training_exposure_compact.csv,2,run=Y48,run,paper/tables/training_exposure.csv,run=Y48,run,identity selection
training_exposure_compact.csv,2,run=Y48,optimizer_steps,paper/tables/training_exposure.csv,run=Y48,optimizer_steps,identity selection
training_exposure_compact.csv,2,run=Y48,total_exposure,paper/tables/training_exposure.csv,run=Y48,total_exposure,identity selection
training_exposure_compact.csv,2,run=Y48,Y_exposure,paper/tables/training_exposure.csv,run=Y48,Y_exposure,identity selection
training_exposure_compact.csv,2,run=Y48,N_exposure,paper/tables/training_exposure.csv,run=Y48,N_exposure,identity selection
training_exposure_compact.csv,3,run=Y96,run,paper/tables/training_exposure.csv,run=Y96,run,identity selection
training_exposure_compact.csv,3,run=Y96,optimizer_steps,paper/tables/training_exposure.csv,run=Y96,optimizer_steps,identity selection
training_exposure_compact.csv,3,run=Y96,total_exposure,paper/tables/training_exposure.csv,run=Y96,total_exposure,identity selection
training_exposure_compact.csv,3,run=Y96,Y_exposure,paper/tables/training_exposure.csv,run=Y96,Y_exposure,identity selection
training_exposure_compact.csv,3,run=Y96,N_exposure,paper/tables/training_exposure.csv,run=Y96,N_exposure,identity selection
training_exposure_compact.csv,4,run=N24,run,paper/tables/training_exposure.csv,run=N24,run,identity selection
training_exposure_compact.csv,4,run=N24,optimizer_steps,paper/tables/training_exposure.csv,run=N24,optimizer_steps,identity selection
training_exposure_compact.csv,4,run=N24,total_exposure,paper/tables/training_exposure.csv,run=N24,total_exposure,identity selection
training_exposure_compact.csv,4,run=N24,Y_exposure,paper/tables/training_exposure.csv,run=N24,Y_exposure,identity selection
training_exposure_compact.csv,4,run=N24,N_exposure,paper/tables/training_exposure.csv,run=N24,N_exposure,identity selection
training_exposure_compact.csv,5,run=N48,run,paper/tables/training_exposure.csv,run=N48,run,identity selection
training_exposure_compact.csv,5,run=N48,optimizer_steps,paper/tables/training_exposure.csv,run=N48,optimizer_steps,identity selection
training_exposure_compact.csv,5,run=N48,total_exposure,paper/tables/training_exposure.csv,run=N48,total_exposure,identity selection
training_exposure_compact.csv,5,run=N48,Y_exposure,paper/tables/training_exposure.csv,run=N48,Y_exposure,identity selection
training_exposure_compact.csv,5,run=N48,N_exposure,paper/tables/training_exposure.csv,run=N48,N_exposure,identity selection
training_exposure_compact.csv,6,run=N96,run,paper/tables/training_exposure.csv,run=N96,run,identity selection
training_exposure_compact.csv,6,run=N96,optimizer_steps,paper/tables/training_exposure.csv,run=N96,optimizer_steps,identity selection
training_exposure_compact.csv,6,run=N96,total_exposure,paper/tables/training_exposure.csv,run=N96,total_exposure,identity selection
training_exposure_compact.csv,6,run=N96,Y_exposure,paper/tables/training_exposure.csv,run=N96,Y_exposure,identity selection
training_exposure_compact.csv,6,run=N96,N_exposure,paper/tables/training_exposure.csv,run=N96,N_exposure,identity selection
training_exposure_compact.csv,7,run=N200,run,paper/tables/training_exposure.csv,run=N200,run,identity selection
training_exposure_compact.csv,7,run=N200,optimizer_steps,paper/tables/training_exposure.csv,run=N200,optimizer_steps,identity selection
training_exposure_compact.csv,7,run=N200,total_exposure,paper/tables/training_exposure.csv,run=N200,total_exposure,identity selection
training_exposure_compact.csv,7,run=N200,Y_exposure,paper/tables/training_exposure.csv,run=N200,Y_exposure,identity selection
training_exposure_compact.csv,7,run=N200,N_exposure,paper/tables/training_exposure.csv,run=N200,N_exposure,identity selection
training_exposure_compact.csv,8,run=M1-48,run,paper/tables/training_exposure.csv,run=M1-48,run,identity selection
training_exposure_compact.csv,8,run=M1-48,optimizer_steps,paper/tables/training_exposure.csv,run=M1-48,optimizer_steps,identity selection
training_exposure_compact.csv,8,run=M1-48,total_exposure,paper/tables/training_exposure.csv,run=M1-48,total_exposure,identity selection
training_exposure_compact.csv,8,run=M1-48,Y_exposure,paper/tables/training_exposure.csv,run=M1-48,Y_exposure,identity selection
training_exposure_compact.csv,8,run=M1-48,N_exposure,paper/tables/training_exposure.csv,run=M1-48,N_exposure,identity selection
training_exposure_compact.csv,9,run=M1-96,run,paper/tables/training_exposure.csv,run=M1-96,run,identity selection
training_exposure_compact.csv,9,run=M1-96,optimizer_steps,paper/tables/training_exposure.csv,run=M1-96,optimizer_steps,identity selection
training_exposure_compact.csv,9,run=M1-96,total_exposure,paper/tables/training_exposure.csv,run=M1-96,total_exposure,identity selection
training_exposure_compact.csv,9,run=M1-96,Y_exposure,paper/tables/training_exposure.csv,run=M1-96,Y_exposure,identity selection
training_exposure_compact.csv,9,run=M1-96,N_exposure,paper/tables/training_exposure.csv,run=M1-96,N_exposure,identity selection
supervision_semantics_compact.csv,1,panel=A|run=Y24|split=validation,panel,paper/tables/binary_exposure.csv,run=Y24|split=validation,,static panel/display label
supervision_semantics_compact.csv,1,panel=A|run=Y24|split=validation,run,paper/tables/binary_exposure.csv,run=Y24|split=validation,run,identity selection
supervision_semantics_compact.csv,1,panel=A|run=Y24|split=validation,exposure,paper/tables/binary_exposure.csv,run=Y24|split=validation,exposure,identity selection
supervision_semantics_compact.csv,1,panel=A|run=Y24|split=validation,split,paper/tables/binary_exposure.csv,run=Y24|split=validation,split,identity selection
supervision_semantics_compact.csv,1,panel=A|run=Y24|split=validation,interface,paper/tables/binary_exposure.csv,run=Y24|split=validation,interface,identity selection
supervision_semantics_compact.csv,1,panel=A|run=Y24|split=validation,metric_1,paper/tables/binary_exposure.csv,run=Y24|split=validation,,static panel/display label
supervision_semantics_compact.csv,1,panel=A|run=Y24|split=validation,value_1,paper/tables/binary_exposure.csv,run=Y24|split=validation,AUC,identity selection
supervision_semantics_compact.csv,1,panel=A|run=Y24|split=validation,metric_2,paper/tables/binary_exposure.csv,run=Y24|split=validation,,static panel/display label
supervision_semantics_compact.csv,1,panel=A|run=Y24|split=validation,value_2,paper/tables/binary_exposure.csv,run=Y24|split=validation,F1,identity selection
supervision_semantics_compact.csv,1,panel=A|run=Y24|split=validation,metric_3,paper/tables/binary_exposure.csv,run=Y24|split=validation,,static panel/display label
supervision_semantics_compact.csv,1,panel=A|run=Y24|split=validation,value_3,paper/tables/binary_exposure.csv,run=Y24|split=validation,Accuracy,identity selection
supervision_semantics_compact.csv,2,panel=A|run=Y48|split=validation,panel,paper/tables/binary_exposure.csv,run=Y48|split=validation,,static panel/display label
supervision_semantics_compact.csv,2,panel=A|run=Y48|split=validation,run,paper/tables/binary_exposure.csv,run=Y48|split=validation,run,identity selection
supervision_semantics_compact.csv,2,panel=A|run=Y48|split=validation,exposure,paper/tables/binary_exposure.csv,run=Y48|split=validation,exposure,identity selection
supervision_semantics_compact.csv,2,panel=A|run=Y48|split=validation,split,paper/tables/binary_exposure.csv,run=Y48|split=validation,split,identity selection
supervision_semantics_compact.csv,2,panel=A|run=Y48|split=validation,interface,paper/tables/binary_exposure.csv,run=Y48|split=validation,interface,identity selection
supervision_semantics_compact.csv,2,panel=A|run=Y48|split=validation,metric_1,paper/tables/binary_exposure.csv,run=Y48|split=validation,,static panel/display label
supervision_semantics_compact.csv,2,panel=A|run=Y48|split=validation,value_1,paper/tables/binary_exposure.csv,run=Y48|split=validation,AUC,identity selection
supervision_semantics_compact.csv,2,panel=A|run=Y48|split=validation,metric_2,paper/tables/binary_exposure.csv,run=Y48|split=validation,,static panel/display label
supervision_semantics_compact.csv,2,panel=A|run=Y48|split=validation,value_2,paper/tables/binary_exposure.csv,run=Y48|split=validation,F1,identity selection
supervision_semantics_compact.csv,2,panel=A|run=Y48|split=validation,metric_3,paper/tables/binary_exposure.csv,run=Y48|split=validation,,static panel/display label
supervision_semantics_compact.csv,2,panel=A|run=Y48|split=validation,value_3,paper/tables/binary_exposure.csv,run=Y48|split=validation,Accuracy,identity selection
supervision_semantics_compact.csv,3,panel=A|run=Y96|split=validation,panel,paper/tables/binary_exposure.csv,run=Y96|split=validation,,static panel/display label
supervision_semantics_compact.csv,3,panel=A|run=Y96|split=validation,run,paper/tables/binary_exposure.csv,run=Y96|split=validation,run,identity selection
supervision_semantics_compact.csv,3,panel=A|run=Y96|split=validation,exposure,paper/tables/binary_exposure.csv,run=Y96|split=validation,exposure,identity selection
supervision_semantics_compact.csv,3,panel=A|run=Y96|split=validation,split,paper/tables/binary_exposure.csv,run=Y96|split=validation,split,identity selection
supervision_semantics_compact.csv,3,panel=A|run=Y96|split=validation,interface,paper/tables/binary_exposure.csv,run=Y96|split=validation,interface,identity selection
supervision_semantics_compact.csv,3,panel=A|run=Y96|split=validation,metric_1,paper/tables/binary_exposure.csv,run=Y96|split=validation,,static panel/display label
supervision_semantics_compact.csv,3,panel=A|run=Y96|split=validation,value_1,paper/tables/binary_exposure.csv,run=Y96|split=validation,AUC,identity selection
supervision_semantics_compact.csv,3,panel=A|run=Y96|split=validation,metric_2,paper/tables/binary_exposure.csv,run=Y96|split=validation,,static panel/display label
supervision_semantics_compact.csv,3,panel=A|run=Y96|split=validation,value_2,paper/tables/binary_exposure.csv,run=Y96|split=validation,F1,identity selection
supervision_semantics_compact.csv,3,panel=A|run=Y96|split=validation,metric_3,paper/tables/binary_exposure.csv,run=Y96|split=validation,,static panel/display label
supervision_semantics_compact.csv,3,panel=A|run=Y96|split=validation,value_3,paper/tables/binary_exposure.csv,run=Y96|split=validation,Accuracy,identity selection
supervision_semantics_compact.csv,4,panel=A|run=Y96|split=test,panel,paper/tables/binary_exposure.csv,run=Y96|split=test,,static panel/display label
supervision_semantics_compact.csv,4,panel=A|run=Y96|split=test,run,paper/tables/binary_exposure.csv,run=Y96|split=test,run,identity selection
supervision_semantics_compact.csv,4,panel=A|run=Y96|split=test,exposure,paper/tables/binary_exposure.csv,run=Y96|split=test,exposure,identity selection
supervision_semantics_compact.csv,4,panel=A|run=Y96|split=test,split,paper/tables/binary_exposure.csv,run=Y96|split=test,split,identity selection
supervision_semantics_compact.csv,4,panel=A|run=Y96|split=test,interface,paper/tables/binary_exposure.csv,run=Y96|split=test,interface,identity selection
supervision_semantics_compact.csv,4,panel=A|run=Y96|split=test,metric_1,paper/tables/binary_exposure.csv,run=Y96|split=test,,static panel/display label
supervision_semantics_compact.csv,4,panel=A|run=Y96|split=test,value_1,paper/tables/binary_exposure.csv,run=Y96|split=test,AUC,identity selection
supervision_semantics_compact.csv,4,panel=A|run=Y96|split=test,metric_2,paper/tables/binary_exposure.csv,run=Y96|split=test,,static panel/display label
supervision_semantics_compact.csv,4,panel=A|run=Y96|split=test,value_2,paper/tables/binary_exposure.csv,run=Y96|split=test,F1,identity selection
supervision_semantics_compact.csv,4,panel=A|run=Y96|split=test,metric_3,paper/tables/binary_exposure.csv,run=Y96|split=test,,static panel/display label
supervision_semantics_compact.csv,4,panel=A|run=Y96|split=test,value_3,paper/tables/binary_exposure.csv,run=Y96|split=test,Accuracy,identity selection
supervision_semantics_compact.csv,5,panel=B|run=Y24|split=validation,panel,paper/tables/semantics_bridge.csv,run=Y24|split=validation,,static panel/display label
supervision_semantics_compact.csv,5,panel=B|run=Y24|split=validation,run,paper/tables/semantics_bridge.csv,run=Y24|split=validation,run,identity selection
supervision_semantics_compact.csv,5,panel=B|run=Y24|split=validation,exposure,paper/tables/semantics_bridge.csv,run=Y24|split=validation,exposure,identity selection
supervision_semantics_compact.csv,5,panel=B|run=Y24|split=validation,split,paper/tables/semantics_bridge.csv,run=Y24|split=validation,split,identity selection
supervision_semantics_compact.csv,5,panel=B|run=Y24|split=validation,interface,paper/tables/semantics_bridge.csv,run=Y24|split=validation,interface,identity selection
supervision_semantics_compact.csv,5,panel=B|run=Y24|split=validation,metric_1,paper/tables/semantics_bridge.csv,run=Y24|split=validation,,static panel/display label
supervision_semantics_compact.csv,5,panel=B|run=Y24|split=validation,value_1,paper/tables/semantics_bridge.csv,run=Y24|split=validation,HR@1,identity selection
supervision_semantics_compact.csv,5,panel=B|run=Y24|split=validation,metric_2,paper/tables/semantics_bridge.csv,run=Y24|split=validation,,static panel/display label
supervision_semantics_compact.csv,5,panel=B|run=Y24|split=validation,value_2,paper/tables/semantics_bridge.csv,run=Y24|split=validation,NDCG@5,identity selection
supervision_semantics_compact.csv,5,panel=B|run=Y24|split=validation,metric_3,paper/tables/semantics_bridge.csv,run=Y24|split=validation,,static panel/display label
supervision_semantics_compact.csv,5,panel=B|run=Y24|split=validation,value_3,paper/tables/semantics_bridge.csv,run=Y24|split=validation,MRR,identity selection
supervision_semantics_compact.csv,6,panel=B|run=Y48|split=validation,panel,paper/tables/semantics_bridge.csv,run=Y48|split=validation,,static panel/display label
supervision_semantics_compact.csv,6,panel=B|run=Y48|split=validation,run,paper/tables/semantics_bridge.csv,run=Y48|split=validation,run,identity selection
supervision_semantics_compact.csv,6,panel=B|run=Y48|split=validation,exposure,paper/tables/semantics_bridge.csv,run=Y48|split=validation,exposure,identity selection
supervision_semantics_compact.csv,6,panel=B|run=Y48|split=validation,split,paper/tables/semantics_bridge.csv,run=Y48|split=validation,split,identity selection
supervision_semantics_compact.csv,6,panel=B|run=Y48|split=validation,interface,paper/tables/semantics_bridge.csv,run=Y48|split=validation,interface,identity selection
supervision_semantics_compact.csv,6,panel=B|run=Y48|split=validation,metric_1,paper/tables/semantics_bridge.csv,run=Y48|split=validation,,static panel/display label
supervision_semantics_compact.csv,6,panel=B|run=Y48|split=validation,value_1,paper/tables/semantics_bridge.csv,run=Y48|split=validation,HR@1,identity selection
supervision_semantics_compact.csv,6,panel=B|run=Y48|split=validation,metric_2,paper/tables/semantics_bridge.csv,run=Y48|split=validation,,static panel/display label
supervision_semantics_compact.csv,6,panel=B|run=Y48|split=validation,value_2,paper/tables/semantics_bridge.csv,run=Y48|split=validation,NDCG@5,identity selection
supervision_semantics_compact.csv,6,panel=B|run=Y48|split=validation,metric_3,paper/tables/semantics_bridge.csv,run=Y48|split=validation,,static panel/display label
supervision_semantics_compact.csv,6,panel=B|run=Y48|split=validation,value_3,paper/tables/semantics_bridge.csv,run=Y48|split=validation,MRR,identity selection
supervision_semantics_compact.csv,7,panel=B|run=Y96|split=validation,panel,paper/tables/semantics_bridge.csv,run=Y96|split=validation,,static panel/display label
supervision_semantics_compact.csv,7,panel=B|run=Y96|split=validation,run,paper/tables/semantics_bridge.csv,run=Y96|split=validation,run,identity selection
supervision_semantics_compact.csv,7,panel=B|run=Y96|split=validation,exposure,paper/tables/semantics_bridge.csv,run=Y96|split=validation,exposure,identity selection
supervision_semantics_compact.csv,7,panel=B|run=Y96|split=validation,split,paper/tables/semantics_bridge.csv,run=Y96|split=validation,split,identity selection
supervision_semantics_compact.csv,7,panel=B|run=Y96|split=validation,interface,paper/tables/semantics_bridge.csv,run=Y96|split=validation,interface,identity selection
supervision_semantics_compact.csv,7,panel=B|run=Y96|split=validation,metric_1,paper/tables/semantics_bridge.csv,run=Y96|split=validation,,static panel/display label
supervision_semantics_compact.csv,7,panel=B|run=Y96|split=validation,value_1,paper/tables/semantics_bridge.csv,run=Y96|split=validation,HR@1,identity selection
supervision_semantics_compact.csv,7,panel=B|run=Y96|split=validation,metric_2,paper/tables/semantics_bridge.csv,run=Y96|split=validation,,static panel/display label
supervision_semantics_compact.csv,7,panel=B|run=Y96|split=validation,value_2,paper/tables/semantics_bridge.csv,run=Y96|split=validation,NDCG@5,identity selection
supervision_semantics_compact.csv,7,panel=B|run=Y96|split=validation,metric_3,paper/tables/semantics_bridge.csv,run=Y96|split=validation,,static panel/display label
supervision_semantics_compact.csv,7,panel=B|run=Y96|split=validation,value_3,paper/tables/semantics_bridge.csv,run=Y96|split=validation,MRR,identity selection
supervision_semantics_compact.csv,8,panel=B|run=N96|split=validation,panel,paper/tables/semantics_bridge.csv,run=N96|split=validation,,static panel/display label
supervision_semantics_compact.csv,8,panel=B|run=N96|split=validation,run,paper/tables/semantics_bridge.csv,run=N96|split=validation,run,identity selection
supervision_semantics_compact.csv,8,panel=B|run=N96|split=validation,exposure,paper/tables/semantics_bridge.csv,run=N96|split=validation,exposure,identity selection
supervision_semantics_compact.csv,8,panel=B|run=N96|split=validation,split,paper/tables/semantics_bridge.csv,run=N96|split=validation,split,identity selection
supervision_semantics_compact.csv,8,panel=B|run=N96|split=validation,interface,paper/tables/semantics_bridge.csv,run=N96|split=validation,interface,identity selection
supervision_semantics_compact.csv,8,panel=B|run=N96|split=validation,metric_1,paper/tables/semantics_bridge.csv,run=N96|split=validation,,static panel/display label
supervision_semantics_compact.csv,8,panel=B|run=N96|split=validation,value_1,paper/tables/semantics_bridge.csv,run=N96|split=validation,HR@1,identity selection
supervision_semantics_compact.csv,8,panel=B|run=N96|split=validation,metric_2,paper/tables/semantics_bridge.csv,run=N96|split=validation,,static panel/display label
supervision_semantics_compact.csv,8,panel=B|run=N96|split=validation,value_2,paper/tables/semantics_bridge.csv,run=N96|split=validation,NDCG@5,identity selection
supervision_semantics_compact.csv,8,panel=B|run=N96|split=validation,metric_3,paper/tables/semantics_bridge.csv,run=N96|split=validation,,static panel/display label
supervision_semantics_compact.csv,8,panel=B|run=N96|split=validation,value_3,paper/tables/semantics_bridge.csv,run=N96|split=validation,MRR,identity selection
supervision_semantics_compact.csv,9,panel=B|run=Y96|split=test,panel,paper/tables/semantics_bridge.csv,run=Y96|split=test,,static panel/display label
supervision_semantics_compact.csv,9,panel=B|run=Y96|split=test,run,paper/tables/semantics_bridge.csv,run=Y96|split=test,run,identity selection
supervision_semantics_compact.csv,9,panel=B|run=Y96|split=test,exposure,paper/tables/semantics_bridge.csv,run=Y96|split=test,exposure,identity selection
supervision_semantics_compact.csv,9,panel=B|run=Y96|split=test,split,paper/tables/semantics_bridge.csv,run=Y96|split=test,split,identity selection
supervision_semantics_compact.csv,9,panel=B|run=Y96|split=test,interface,paper/tables/semantics_bridge.csv,run=Y96|split=test,interface,identity selection
supervision_semantics_compact.csv,9,panel=B|run=Y96|split=test,metric_1,paper/tables/semantics_bridge.csv,run=Y96|split=test,,static panel/display label
supervision_semantics_compact.csv,9,panel=B|run=Y96|split=test,value_1,paper/tables/semantics_bridge.csv,run=Y96|split=test,HR@1,identity selection
supervision_semantics_compact.csv,9,panel=B|run=Y96|split=test,metric_2,paper/tables/semantics_bridge.csv,run=Y96|split=test,,static panel/display label
supervision_semantics_compact.csv,9,panel=B|run=Y96|split=test,value_2,paper/tables/semantics_bridge.csv,run=Y96|split=test,NDCG@5,identity selection
supervision_semantics_compact.csv,9,panel=B|run=Y96|split=test,metric_3,paper/tables/semantics_bridge.csv,run=Y96|split=test,,static panel/display label
supervision_semantics_compact.csv,9,panel=B|run=Y96|split=test,value_3,paper/tables/semantics_bridge.csv,run=Y96|split=test,MRR,identity selection
supervision_semantics_compact.csv,10,panel=B|run=N96|split=test,panel,paper/tables/semantics_bridge.csv,run=N96|split=test,,static panel/display label
supervision_semantics_compact.csv,10,panel=B|run=N96|split=test,run,paper/tables/semantics_bridge.csv,run=N96|split=test,run,identity selection
supervision_semantics_compact.csv,10,panel=B|run=N96|split=test,exposure,paper/tables/semantics_bridge.csv,run=N96|split=test,exposure,identity selection
supervision_semantics_compact.csv,10,panel=B|run=N96|split=test,split,paper/tables/semantics_bridge.csv,run=N96|split=test,split,identity selection
supervision_semantics_compact.csv,10,panel=B|run=N96|split=test,interface,paper/tables/semantics_bridge.csv,run=N96|split=test,interface,identity selection
supervision_semantics_compact.csv,10,panel=B|run=N96|split=test,metric_1,paper/tables/semantics_bridge.csv,run=N96|split=test,,static panel/display label
supervision_semantics_compact.csv,10,panel=B|run=N96|split=test,value_1,paper/tables/semantics_bridge.csv,run=N96|split=test,HR@1,identity selection
supervision_semantics_compact.csv,10,panel=B|run=N96|split=test,metric_2,paper/tables/semantics_bridge.csv,run=N96|split=test,,static panel/display label
supervision_semantics_compact.csv,10,panel=B|run=N96|split=test,value_2,paper/tables/semantics_bridge.csv,run=N96|split=test,NDCG@5,identity selection
supervision_semantics_compact.csv,10,panel=B|run=N96|split=test,metric_3,paper/tables/semantics_bridge.csv,run=N96|split=test,,static panel/display label
supervision_semantics_compact.csv,10,panel=B|run=N96|split=test,value_3,paper/tables/semantics_bridge.csv,run=N96|split=test,MRR,identity selection
ms96_delta_summary_compact.csv,1,split=validation|protocol=binary|metric=AUC,split,paper/tables/ms96_delta_summary.csv,split=validation|protocol=binary|metric=AUC,split,identity selection or protocol label normalization
ms96_delta_summary_compact.csv,1,split=validation|protocol=binary|metric=AUC,protocol,paper/tables/ms96_delta_summary.csv,split=validation|protocol=binary|metric=AUC,protocol,identity selection or protocol label normalization
ms96_delta_summary_compact.csv,1,split=validation|protocol=binary|metric=AUC,metric,paper/tables/ms96_delta_summary.csv,split=validation|protocol=binary|metric=AUC,metric,identity selection or protocol label normalization
ms96_delta_summary_compact.csv,1,split=validation|protocol=binary|metric=AUC,delta_definition,paper/tables/ms96_delta_summary.csv,split=validation|protocol=binary|metric=AUC,delta_definition,identity selection or protocol label normalization
ms96_delta_summary_compact.csv,1,split=validation|protocol=binary|metric=AUC,mean_delta,paper/tables/ms96_delta_summary.csv,split=validation|protocol=binary|metric=AUC,mean,identity selection
ms96_delta_summary_compact.csv,1,split=validation|protocol=binary|metric=AUC,sample_sd,paper/tables/ms96_delta_summary.csv,split=validation|protocol=binary|metric=AUC,sample_std,identity selection
ms96_delta_summary_compact.csv,1,split=validation|protocol=binary|metric=AUC,seed_directions_42_43_44,paper/tables/ms96_main_{split}.csv or paper/tables/ms96_protocol_{split}.csv,split=validation|protocol=binary|metric=AUC,within-seed delta_AUC,sign only in seed order 42/43/44 from training_seed=42;training_seed=43;training_seed=44
ms96_delta_summary_compact.csv,2,split=validation|protocol=binary|metric=F1,split,paper/tables/ms96_delta_summary.csv,split=validation|protocol=binary|metric=F1,split,identity selection or protocol label normalization
ms96_delta_summary_compact.csv,2,split=validation|protocol=binary|metric=F1,protocol,paper/tables/ms96_delta_summary.csv,split=validation|protocol=binary|metric=F1,protocol,identity selection or protocol label normalization
ms96_delta_summary_compact.csv,2,split=validation|protocol=binary|metric=F1,metric,paper/tables/ms96_delta_summary.csv,split=validation|protocol=binary|metric=F1,metric,identity selection or protocol label normalization
ms96_delta_summary_compact.csv,2,split=validation|protocol=binary|metric=F1,delta_definition,paper/tables/ms96_delta_summary.csv,split=validation|protocol=binary|metric=F1,delta_definition,identity selection or protocol label normalization
ms96_delta_summary_compact.csv,2,split=validation|protocol=binary|metric=F1,mean_delta,paper/tables/ms96_delta_summary.csv,split=validation|protocol=binary|metric=F1,mean,identity selection
ms96_delta_summary_compact.csv,2,split=validation|protocol=binary|metric=F1,sample_sd,paper/tables/ms96_delta_summary.csv,split=validation|protocol=binary|metric=F1,sample_std,identity selection
ms96_delta_summary_compact.csv,2,split=validation|protocol=binary|metric=F1,seed_directions_42_43_44,paper/tables/ms96_main_{split}.csv or paper/tables/ms96_protocol_{split}.csv,split=validation|protocol=binary|metric=F1,within-seed delta_F1,sign only in seed order 42/43/44 from training_seed=42;training_seed=43;training_seed=44
ms96_delta_summary_compact.csv,3,split=validation|protocol=binary|metric=Accuracy,split,paper/tables/ms96_delta_summary.csv,split=validation|protocol=binary|metric=Accuracy,split,identity selection or protocol label normalization
ms96_delta_summary_compact.csv,3,split=validation|protocol=binary|metric=Accuracy,protocol,paper/tables/ms96_delta_summary.csv,split=validation|protocol=binary|metric=Accuracy,protocol,identity selection or protocol label normalization
ms96_delta_summary_compact.csv,3,split=validation|protocol=binary|metric=Accuracy,metric,paper/tables/ms96_delta_summary.csv,split=validation|protocol=binary|metric=Accuracy,metric,identity selection or protocol label normalization
ms96_delta_summary_compact.csv,3,split=validation|protocol=binary|metric=Accuracy,delta_definition,paper/tables/ms96_delta_summary.csv,split=validation|protocol=binary|metric=Accuracy,delta_definition,identity selection or protocol label normalization
ms96_delta_summary_compact.csv,3,split=validation|protocol=binary|metric=Accuracy,mean_delta,paper/tables/ms96_delta_summary.csv,split=validation|protocol=binary|metric=Accuracy,mean,identity selection
ms96_delta_summary_compact.csv,3,split=validation|protocol=binary|metric=Accuracy,sample_sd,paper/tables/ms96_delta_summary.csv,split=validation|protocol=binary|metric=Accuracy,sample_std,identity selection
ms96_delta_summary_compact.csv,3,split=validation|protocol=binary|metric=Accuracy,seed_directions_42_43_44,paper/tables/ms96_main_{split}.csv or paper/tables/ms96_protocol_{split}.csv,split=validation|protocol=binary|metric=Accuracy,within-seed delta_Accuracy,sign only in seed order 42/43/44 from training_seed=42;training_seed=43;training_seed=44
ms96_delta_summary_compact.csv,4,split=validation|protocol=k5|metric=HR@1,split,paper/tables/ms96_delta_summary.csv,split=validation|protocol=k5|metric=HR@1,split,identity selection or protocol label normalization
ms96_delta_summary_compact.csv,4,split=validation|protocol=k5|metric=HR@1,protocol,paper/tables/ms96_delta_summary.csv,split=validation|protocol=k5|metric=HR@1,protocol,identity selection or protocol label normalization
ms96_delta_summary_compact.csv,4,split=validation|protocol=k5|metric=HR@1,metric,paper/tables/ms96_delta_summary.csv,split=validation|protocol=k5|metric=HR@1,metric,identity selection or protocol label normalization
ms96_delta_summary_compact.csv,4,split=validation|protocol=k5|metric=HR@1,delta_definition,paper/tables/ms96_delta_summary.csv,split=validation|protocol=k5|metric=HR@1,delta_definition,identity selection or protocol label normalization
ms96_delta_summary_compact.csv,4,split=validation|protocol=k5|metric=HR@1,mean_delta,paper/tables/ms96_delta_summary.csv,split=validation|protocol=k5|metric=HR@1,mean,identity selection
ms96_delta_summary_compact.csv,4,split=validation|protocol=k5|metric=HR@1,sample_sd,paper/tables/ms96_delta_summary.csv,split=validation|protocol=k5|metric=HR@1,sample_std,identity selection
ms96_delta_summary_compact.csv,4,split=validation|protocol=k5|metric=HR@1,seed_directions_42_43_44,paper/tables/ms96_main_{split}.csv or paper/tables/ms96_protocol_{split}.csv,split=validation|protocol=k5|metric=HR@1,within-seed delta_HR@1,sign only in seed order 42/43/44 from training_seed=42|protocol=k5;training_seed=43|protocol=k5;training_seed=44|protocol=k5
ms96_delta_summary_compact.csv,5,split=validation|protocol=k5|metric=NDCG@5,split,paper/tables/ms96_delta_summary.csv,split=validation|protocol=k5|metric=NDCG@5,split,identity selection or protocol label normalization
ms96_delta_summary_compact.csv,5,split=validation|protocol=k5|metric=NDCG@5,protocol,paper/tables/ms96_delta_summary.csv,split=validation|protocol=k5|metric=NDCG@5,protocol,identity selection or protocol label normalization
ms96_delta_summary_compact.csv,5,split=validation|protocol=k5|metric=NDCG@5,metric,paper/tables/ms96_delta_summary.csv,split=validation|protocol=k5|metric=NDCG@5,metric,identity selection or protocol label normalization
ms96_delta_summary_compact.csv,5,split=validation|protocol=k5|metric=NDCG@5,delta_definition,paper/tables/ms96_delta_summary.csv,split=validation|protocol=k5|metric=NDCG@5,delta_definition,identity selection or protocol label normalization
ms96_delta_summary_compact.csv,5,split=validation|protocol=k5|metric=NDCG@5,mean_delta,paper/tables/ms96_delta_summary.csv,split=validation|protocol=k5|metric=NDCG@5,mean,identity selection
ms96_delta_summary_compact.csv,5,split=validation|protocol=k5|metric=NDCG@5,sample_sd,paper/tables/ms96_delta_summary.csv,split=validation|protocol=k5|metric=NDCG@5,sample_std,identity selection
ms96_delta_summary_compact.csv,5,split=validation|protocol=k5|metric=NDCG@5,seed_directions_42_43_44,paper/tables/ms96_main_{split}.csv or paper/tables/ms96_protocol_{split}.csv,split=validation|protocol=k5|metric=NDCG@5,within-seed delta_NDCG@5,sign only in seed order 42/43/44 from training_seed=42|protocol=k5;training_seed=43|protocol=k5;training_seed=44|protocol=k5
ms96_delta_summary_compact.csv,6,split=validation|protocol=k5|metric=MRR,split,paper/tables/ms96_delta_summary.csv,split=validation|protocol=k5|metric=MRR,split,identity selection or protocol label normalization
ms96_delta_summary_compact.csv,6,split=validation|protocol=k5|metric=MRR,protocol,paper/tables/ms96_delta_summary.csv,split=validation|protocol=k5|metric=MRR,protocol,identity selection or protocol label normalization
ms96_delta_summary_compact.csv,6,split=validation|protocol=k5|metric=MRR,metric,paper/tables/ms96_delta_summary.csv,split=validation|protocol=k5|metric=MRR,metric,identity selection or protocol label normalization
ms96_delta_summary_compact.csv,6,split=validation|protocol=k5|metric=MRR,delta_definition,paper/tables/ms96_delta_summary.csv,split=validation|protocol=k5|metric=MRR,delta_definition,identity selection or protocol label normalization
ms96_delta_summary_compact.csv,6,split=validation|protocol=k5|metric=MRR,mean_delta,paper/tables/ms96_delta_summary.csv,split=validation|protocol=k5|metric=MRR,mean,identity selection
ms96_delta_summary_compact.csv,6,split=validation|protocol=k5|metric=MRR,sample_sd,paper/tables/ms96_delta_summary.csv,split=validation|protocol=k5|metric=MRR,sample_std,identity selection
ms96_delta_summary_compact.csv,6,split=validation|protocol=k5|metric=MRR,seed_directions_42_43_44,paper/tables/ms96_main_{split}.csv or paper/tables/ms96_protocol_{split}.csv,split=validation|protocol=k5|metric=MRR,within-seed delta_MRR,sign only in seed order 42/43/44 from training_seed=42|protocol=k5;training_seed=43|protocol=k5;training_seed=44|protocol=k5
ms96_delta_summary_compact.csv,7,split=validation|protocol=k20|metric=HR@1,split,paper/tables/ms96_delta_summary.csv,split=validation|protocol=k20_seed42|metric=HR@1,split,identity selection or protocol label normalization
ms96_delta_summary_compact.csv,7,split=validation|protocol=k20|metric=HR@1,protocol,paper/tables/ms96_delta_summary.csv,split=validation|protocol=k20_seed42|metric=HR@1,protocol,identity selection or protocol label normalization
ms96_delta_summary_compact.csv,7,split=validation|protocol=k20|metric=HR@1,metric,paper/tables/ms96_delta_summary.csv,split=validation|protocol=k20_seed42|metric=HR@1,metric,identity selection or protocol label normalization
ms96_delta_summary_compact.csv,7,split=validation|protocol=k20|metric=HR@1,delta_definition,paper/tables/ms96_delta_summary.csv,split=validation|protocol=k20_seed42|metric=HR@1,delta_definition,identity selection or protocol label normalization
ms96_delta_summary_compact.csv,7,split=validation|protocol=k20|metric=HR@1,mean_delta,paper/tables/ms96_delta_summary.csv,split=validation|protocol=k20_seed42|metric=HR@1,mean,identity selection
ms96_delta_summary_compact.csv,7,split=validation|protocol=k20|metric=HR@1,sample_sd,paper/tables/ms96_delta_summary.csv,split=validation|protocol=k20_seed42|metric=HR@1,sample_std,identity selection
ms96_delta_summary_compact.csv,7,split=validation|protocol=k20|metric=HR@1,seed_directions_42_43_44,paper/tables/ms96_main_{split}.csv or paper/tables/ms96_protocol_{split}.csv,split=validation|protocol=k20_seed42|metric=HR@1,within-seed delta_HR@1,sign only in seed order 42/43/44 from training_seed=42|protocol=k20_seed42;training_seed=43|protocol=k20_seed42;training_seed=44|protocol=k20_seed42
ms96_delta_summary_compact.csv,8,split=validation|protocol=k20|metric=NDCG@5,split,paper/tables/ms96_delta_summary.csv,split=validation|protocol=k20_seed42|metric=NDCG@5,split,identity selection or protocol label normalization
ms96_delta_summary_compact.csv,8,split=validation|protocol=k20|metric=NDCG@5,protocol,paper/tables/ms96_delta_summary.csv,split=validation|protocol=k20_seed42|metric=NDCG@5,protocol,identity selection or protocol label normalization
ms96_delta_summary_compact.csv,8,split=validation|protocol=k20|metric=NDCG@5,metric,paper/tables/ms96_delta_summary.csv,split=validation|protocol=k20_seed42|metric=NDCG@5,metric,identity selection or protocol label normalization
ms96_delta_summary_compact.csv,8,split=validation|protocol=k20|metric=NDCG@5,delta_definition,paper/tables/ms96_delta_summary.csv,split=validation|protocol=k20_seed42|metric=NDCG@5,delta_definition,identity selection or protocol label normalization
ms96_delta_summary_compact.csv,8,split=validation|protocol=k20|metric=NDCG@5,mean_delta,paper/tables/ms96_delta_summary.csv,split=validation|protocol=k20_seed42|metric=NDCG@5,mean,identity selection
ms96_delta_summary_compact.csv,8,split=validation|protocol=k20|metric=NDCG@5,sample_sd,paper/tables/ms96_delta_summary.csv,split=validation|protocol=k20_seed42|metric=NDCG@5,sample_std,identity selection
ms96_delta_summary_compact.csv,8,split=validation|protocol=k20|metric=NDCG@5,seed_directions_42_43_44,paper/tables/ms96_main_{split}.csv or paper/tables/ms96_protocol_{split}.csv,split=validation|protocol=k20_seed42|metric=NDCG@5,within-seed delta_NDCG@5,sign only in seed order 42/43/44 from training_seed=42|protocol=k20_seed42;training_seed=43|protocol=k20_seed42;training_seed=44|protocol=k20_seed42
ms96_delta_summary_compact.csv,9,split=validation|protocol=k20|metric=MRR,split,paper/tables/ms96_delta_summary.csv,split=validation|protocol=k20_seed42|metric=MRR,split,identity selection or protocol label normalization
ms96_delta_summary_compact.csv,9,split=validation|protocol=k20|metric=MRR,protocol,paper/tables/ms96_delta_summary.csv,split=validation|protocol=k20_seed42|metric=MRR,protocol,identity selection or protocol label normalization
ms96_delta_summary_compact.csv,9,split=validation|protocol=k20|metric=MRR,metric,paper/tables/ms96_delta_summary.csv,split=validation|protocol=k20_seed42|metric=MRR,metric,identity selection or protocol label normalization
ms96_delta_summary_compact.csv,9,split=validation|protocol=k20|metric=MRR,delta_definition,paper/tables/ms96_delta_summary.csv,split=validation|protocol=k20_seed42|metric=MRR,delta_definition,identity selection or protocol label normalization
ms96_delta_summary_compact.csv,9,split=validation|protocol=k20|metric=MRR,mean_delta,paper/tables/ms96_delta_summary.csv,split=validation|protocol=k20_seed42|metric=MRR,mean,identity selection
ms96_delta_summary_compact.csv,9,split=validation|protocol=k20|metric=MRR,sample_sd,paper/tables/ms96_delta_summary.csv,split=validation|protocol=k20_seed42|metric=MRR,sample_std,identity selection
ms96_delta_summary_compact.csv,9,split=validation|protocol=k20|metric=MRR,seed_directions_42_43_44,paper/tables/ms96_main_{split}.csv or paper/tables/ms96_protocol_{split}.csv,split=validation|protocol=k20_seed42|metric=MRR,within-seed delta_MRR,sign only in seed order 42/43/44 from training_seed=42|protocol=k20_seed42;training_seed=43|protocol=k20_seed42;training_seed=44|protocol=k20_seed42
ms96_delta_summary_compact.csv,10,split=validation|protocol=k50|metric=HR@1,split,paper/tables/ms96_delta_summary.csv,split=validation|protocol=k50_seed42|metric=HR@1,split,identity selection or protocol label normalization
ms96_delta_summary_compact.csv,10,split=validation|protocol=k50|metric=HR@1,protocol,paper/tables/ms96_delta_summary.csv,split=validation|protocol=k50_seed42|metric=HR@1,protocol,identity selection or protocol label normalization
ms96_delta_summary_compact.csv,10,split=validation|protocol=k50|metric=HR@1,metric,paper/tables/ms96_delta_summary.csv,split=validation|protocol=k50_seed42|metric=HR@1,metric,identity selection or protocol label normalization
ms96_delta_summary_compact.csv,10,split=validation|protocol=k50|metric=HR@1,delta_definition,paper/tables/ms96_delta_summary.csv,split=validation|protocol=k50_seed42|metric=HR@1,delta_definition,identity selection or protocol label normalization
ms96_delta_summary_compact.csv,10,split=validation|protocol=k50|metric=HR@1,mean_delta,paper/tables/ms96_delta_summary.csv,split=validation|protocol=k50_seed42|metric=HR@1,mean,identity selection
ms96_delta_summary_compact.csv,10,split=validation|protocol=k50|metric=HR@1,sample_sd,paper/tables/ms96_delta_summary.csv,split=validation|protocol=k50_seed42|metric=HR@1,sample_std,identity selection
ms96_delta_summary_compact.csv,10,split=validation|protocol=k50|metric=HR@1,seed_directions_42_43_44,paper/tables/ms96_main_{split}.csv or paper/tables/ms96_protocol_{split}.csv,split=validation|protocol=k50_seed42|metric=HR@1,within-seed delta_HR@1,sign only in seed order 42/43/44 from training_seed=42|protocol=k50_seed42;training_seed=43|protocol=k50_seed42;training_seed=44|protocol=k50_seed42
ms96_delta_summary_compact.csv,11,split=validation|protocol=k50|metric=NDCG@5,split,paper/tables/ms96_delta_summary.csv,split=validation|protocol=k50_seed42|metric=NDCG@5,split,identity selection or protocol label normalization
ms96_delta_summary_compact.csv,11,split=validation|protocol=k50|metric=NDCG@5,protocol,paper/tables/ms96_delta_summary.csv,split=validation|protocol=k50_seed42|metric=NDCG@5,protocol,identity selection or protocol label normalization
ms96_delta_summary_compact.csv,11,split=validation|protocol=k50|metric=NDCG@5,metric,paper/tables/ms96_delta_summary.csv,split=validation|protocol=k50_seed42|metric=NDCG@5,metric,identity selection or protocol label normalization
ms96_delta_summary_compact.csv,11,split=validation|protocol=k50|metric=NDCG@5,delta_definition,paper/tables/ms96_delta_summary.csv,split=validation|protocol=k50_seed42|metric=NDCG@5,delta_definition,identity selection or protocol label normalization
ms96_delta_summary_compact.csv,11,split=validation|protocol=k50|metric=NDCG@5,mean_delta,paper/tables/ms96_delta_summary.csv,split=validation|protocol=k50_seed42|metric=NDCG@5,mean,identity selection
ms96_delta_summary_compact.csv,11,split=validation|protocol=k50|metric=NDCG@5,sample_sd,paper/tables/ms96_delta_summary.csv,split=validation|protocol=k50_seed42|metric=NDCG@5,sample_std,identity selection
ms96_delta_summary_compact.csv,11,split=validation|protocol=k50|metric=NDCG@5,seed_directions_42_43_44,paper/tables/ms96_main_{split}.csv or paper/tables/ms96_protocol_{split}.csv,split=validation|protocol=k50_seed42|metric=NDCG@5,within-seed delta_NDCG@5,sign only in seed order 42/43/44 from training_seed=42|protocol=k50_seed42;training_seed=43|protocol=k50_seed42;training_seed=44|protocol=k50_seed42
ms96_delta_summary_compact.csv,12,split=validation|protocol=k50|metric=MRR,split,paper/tables/ms96_delta_summary.csv,split=validation|protocol=k50_seed42|metric=MRR,split,identity selection or protocol label normalization
ms96_delta_summary_compact.csv,12,split=validation|protocol=k50|metric=MRR,protocol,paper/tables/ms96_delta_summary.csv,split=validation|protocol=k50_seed42|metric=MRR,protocol,identity selection or protocol label normalization
ms96_delta_summary_compact.csv,12,split=validation|protocol=k50|metric=MRR,metric,paper/tables/ms96_delta_summary.csv,split=validation|protocol=k50_seed42|metric=MRR,metric,identity selection or protocol label normalization
ms96_delta_summary_compact.csv,12,split=validation|protocol=k50|metric=MRR,delta_definition,paper/tables/ms96_delta_summary.csv,split=validation|protocol=k50_seed42|metric=MRR,delta_definition,identity selection or protocol label normalization
ms96_delta_summary_compact.csv,12,split=validation|protocol=k50|metric=MRR,mean_delta,paper/tables/ms96_delta_summary.csv,split=validation|protocol=k50_seed42|metric=MRR,mean,identity selection
ms96_delta_summary_compact.csv,12,split=validation|protocol=k50|metric=MRR,sample_sd,paper/tables/ms96_delta_summary.csv,split=validation|protocol=k50_seed42|metric=MRR,sample_std,identity selection
ms96_delta_summary_compact.csv,12,split=validation|protocol=k50|metric=MRR,seed_directions_42_43_44,paper/tables/ms96_main_{split}.csv or paper/tables/ms96_protocol_{split}.csv,split=validation|protocol=k50_seed42|metric=MRR,within-seed delta_MRR,sign only in seed order 42/43/44 from training_seed=42|protocol=k50_seed42;training_seed=43|protocol=k50_seed42;training_seed=44|protocol=k50_seed42
ms96_delta_summary_compact.csv,13,split=test|protocol=binary|metric=AUC,split,paper/tables/ms96_delta_summary.csv,split=test|protocol=binary|metric=AUC,split,identity selection or protocol label normalization
ms96_delta_summary_compact.csv,13,split=test|protocol=binary|metric=AUC,protocol,paper/tables/ms96_delta_summary.csv,split=test|protocol=binary|metric=AUC,protocol,identity selection or protocol label normalization
ms96_delta_summary_compact.csv,13,split=test|protocol=binary|metric=AUC,metric,paper/tables/ms96_delta_summary.csv,split=test|protocol=binary|metric=AUC,metric,identity selection or protocol label normalization
ms96_delta_summary_compact.csv,13,split=test|protocol=binary|metric=AUC,delta_definition,paper/tables/ms96_delta_summary.csv,split=test|protocol=binary|metric=AUC,delta_definition,identity selection or protocol label normalization
ms96_delta_summary_compact.csv,13,split=test|protocol=binary|metric=AUC,mean_delta,paper/tables/ms96_delta_summary.csv,split=test|protocol=binary|metric=AUC,mean,identity selection
ms96_delta_summary_compact.csv,13,split=test|protocol=binary|metric=AUC,sample_sd,paper/tables/ms96_delta_summary.csv,split=test|protocol=binary|metric=AUC,sample_std,identity selection
ms96_delta_summary_compact.csv,13,split=test|protocol=binary|metric=AUC,seed_directions_42_43_44,paper/tables/ms96_main_{split}.csv or paper/tables/ms96_protocol_{split}.csv,split=test|protocol=binary|metric=AUC,within-seed delta_AUC,sign only in seed order 42/43/44 from training_seed=42;training_seed=43;training_seed=44
ms96_delta_summary_compact.csv,14,split=test|protocol=binary|metric=F1,split,paper/tables/ms96_delta_summary.csv,split=test|protocol=binary|metric=F1,split,identity selection or protocol label normalization
ms96_delta_summary_compact.csv,14,split=test|protocol=binary|metric=F1,protocol,paper/tables/ms96_delta_summary.csv,split=test|protocol=binary|metric=F1,protocol,identity selection or protocol label normalization
ms96_delta_summary_compact.csv,14,split=test|protocol=binary|metric=F1,metric,paper/tables/ms96_delta_summary.csv,split=test|protocol=binary|metric=F1,metric,identity selection or protocol label normalization
ms96_delta_summary_compact.csv,14,split=test|protocol=binary|metric=F1,delta_definition,paper/tables/ms96_delta_summary.csv,split=test|protocol=binary|metric=F1,delta_definition,identity selection or protocol label normalization
ms96_delta_summary_compact.csv,14,split=test|protocol=binary|metric=F1,mean_delta,paper/tables/ms96_delta_summary.csv,split=test|protocol=binary|metric=F1,mean,identity selection
ms96_delta_summary_compact.csv,14,split=test|protocol=binary|metric=F1,sample_sd,paper/tables/ms96_delta_summary.csv,split=test|protocol=binary|metric=F1,sample_std,identity selection
ms96_delta_summary_compact.csv,14,split=test|protocol=binary|metric=F1,seed_directions_42_43_44,paper/tables/ms96_main_{split}.csv or paper/tables/ms96_protocol_{split}.csv,split=test|protocol=binary|metric=F1,within-seed delta_F1,sign only in seed order 42/43/44 from training_seed=42;training_seed=43;training_seed=44
ms96_delta_summary_compact.csv,15,split=test|protocol=binary|metric=Accuracy,split,paper/tables/ms96_delta_summary.csv,split=test|protocol=binary|metric=Accuracy,split,identity selection or protocol label normalization
ms96_delta_summary_compact.csv,15,split=test|protocol=binary|metric=Accuracy,protocol,paper/tables/ms96_delta_summary.csv,split=test|protocol=binary|metric=Accuracy,protocol,identity selection or protocol label normalization
ms96_delta_summary_compact.csv,15,split=test|protocol=binary|metric=Accuracy,metric,paper/tables/ms96_delta_summary.csv,split=test|protocol=binary|metric=Accuracy,metric,identity selection or protocol label normalization
ms96_delta_summary_compact.csv,15,split=test|protocol=binary|metric=Accuracy,delta_definition,paper/tables/ms96_delta_summary.csv,split=test|protocol=binary|metric=Accuracy,delta_definition,identity selection or protocol label normalization
ms96_delta_summary_compact.csv,15,split=test|protocol=binary|metric=Accuracy,mean_delta,paper/tables/ms96_delta_summary.csv,split=test|protocol=binary|metric=Accuracy,mean,identity selection
ms96_delta_summary_compact.csv,15,split=test|protocol=binary|metric=Accuracy,sample_sd,paper/tables/ms96_delta_summary.csv,split=test|protocol=binary|metric=Accuracy,sample_std,identity selection
ms96_delta_summary_compact.csv,15,split=test|protocol=binary|metric=Accuracy,seed_directions_42_43_44,paper/tables/ms96_main_{split}.csv or paper/tables/ms96_protocol_{split}.csv,split=test|protocol=binary|metric=Accuracy,within-seed delta_Accuracy,sign only in seed order 42/43/44 from training_seed=42;training_seed=43;training_seed=44
ms96_delta_summary_compact.csv,16,split=test|protocol=k5|metric=HR@1,split,paper/tables/ms96_delta_summary.csv,split=test|protocol=k5|metric=HR@1,split,identity selection or protocol label normalization
ms96_delta_summary_compact.csv,16,split=test|protocol=k5|metric=HR@1,protocol,paper/tables/ms96_delta_summary.csv,split=test|protocol=k5|metric=HR@1,protocol,identity selection or protocol label normalization
ms96_delta_summary_compact.csv,16,split=test|protocol=k5|metric=HR@1,metric,paper/tables/ms96_delta_summary.csv,split=test|protocol=k5|metric=HR@1,metric,identity selection or protocol label normalization
ms96_delta_summary_compact.csv,16,split=test|protocol=k5|metric=HR@1,delta_definition,paper/tables/ms96_delta_summary.csv,split=test|protocol=k5|metric=HR@1,delta_definition,identity selection or protocol label normalization
ms96_delta_summary_compact.csv,16,split=test|protocol=k5|metric=HR@1,mean_delta,paper/tables/ms96_delta_summary.csv,split=test|protocol=k5|metric=HR@1,mean,identity selection
ms96_delta_summary_compact.csv,16,split=test|protocol=k5|metric=HR@1,sample_sd,paper/tables/ms96_delta_summary.csv,split=test|protocol=k5|metric=HR@1,sample_std,identity selection
ms96_delta_summary_compact.csv,16,split=test|protocol=k5|metric=HR@1,seed_directions_42_43_44,paper/tables/ms96_main_{split}.csv or paper/tables/ms96_protocol_{split}.csv,split=test|protocol=k5|metric=HR@1,within-seed delta_HR@1,sign only in seed order 42/43/44 from training_seed=42|protocol=k5;training_seed=43|protocol=k5;training_seed=44|protocol=k5
ms96_delta_summary_compact.csv,17,split=test|protocol=k5|metric=NDCG@5,split,paper/tables/ms96_delta_summary.csv,split=test|protocol=k5|metric=NDCG@5,split,identity selection or protocol label normalization
ms96_delta_summary_compact.csv,17,split=test|protocol=k5|metric=NDCG@5,protocol,paper/tables/ms96_delta_summary.csv,split=test|protocol=k5|metric=NDCG@5,protocol,identity selection or protocol label normalization
ms96_delta_summary_compact.csv,17,split=test|protocol=k5|metric=NDCG@5,metric,paper/tables/ms96_delta_summary.csv,split=test|protocol=k5|metric=NDCG@5,metric,identity selection or protocol label normalization
ms96_delta_summary_compact.csv,17,split=test|protocol=k5|metric=NDCG@5,delta_definition,paper/tables/ms96_delta_summary.csv,split=test|protocol=k5|metric=NDCG@5,delta_definition,identity selection or protocol label normalization
ms96_delta_summary_compact.csv,17,split=test|protocol=k5|metric=NDCG@5,mean_delta,paper/tables/ms96_delta_summary.csv,split=test|protocol=k5|metric=NDCG@5,mean,identity selection
ms96_delta_summary_compact.csv,17,split=test|protocol=k5|metric=NDCG@5,sample_sd,paper/tables/ms96_delta_summary.csv,split=test|protocol=k5|metric=NDCG@5,sample_std,identity selection
ms96_delta_summary_compact.csv,17,split=test|protocol=k5|metric=NDCG@5,seed_directions_42_43_44,paper/tables/ms96_main_{split}.csv or paper/tables/ms96_protocol_{split}.csv,split=test|protocol=k5|metric=NDCG@5,within-seed delta_NDCG@5,sign only in seed order 42/43/44 from training_seed=42|protocol=k5;training_seed=43|protocol=k5;training_seed=44|protocol=k5
ms96_delta_summary_compact.csv,18,split=test|protocol=k5|metric=MRR,split,paper/tables/ms96_delta_summary.csv,split=test|protocol=k5|metric=MRR,split,identity selection or protocol label normalization
ms96_delta_summary_compact.csv,18,split=test|protocol=k5|metric=MRR,protocol,paper/tables/ms96_delta_summary.csv,split=test|protocol=k5|metric=MRR,protocol,identity selection or protocol label normalization
ms96_delta_summary_compact.csv,18,split=test|protocol=k5|metric=MRR,metric,paper/tables/ms96_delta_summary.csv,split=test|protocol=k5|metric=MRR,metric,identity selection or protocol label normalization
ms96_delta_summary_compact.csv,18,split=test|protocol=k5|metric=MRR,delta_definition,paper/tables/ms96_delta_summary.csv,split=test|protocol=k5|metric=MRR,delta_definition,identity selection or protocol label normalization
ms96_delta_summary_compact.csv,18,split=test|protocol=k5|metric=MRR,mean_delta,paper/tables/ms96_delta_summary.csv,split=test|protocol=k5|metric=MRR,mean,identity selection
ms96_delta_summary_compact.csv,18,split=test|protocol=k5|metric=MRR,sample_sd,paper/tables/ms96_delta_summary.csv,split=test|protocol=k5|metric=MRR,sample_std,identity selection
ms96_delta_summary_compact.csv,18,split=test|protocol=k5|metric=MRR,seed_directions_42_43_44,paper/tables/ms96_main_{split}.csv or paper/tables/ms96_protocol_{split}.csv,split=test|protocol=k5|metric=MRR,within-seed delta_MRR,sign only in seed order 42/43/44 from training_seed=42|protocol=k5;training_seed=43|protocol=k5;training_seed=44|protocol=k5
ms96_delta_summary_compact.csv,19,split=test|protocol=k20|metric=HR@1,split,paper/tables/ms96_delta_summary.csv,split=test|protocol=k20_seed42|metric=HR@1,split,identity selection or protocol label normalization
ms96_delta_summary_compact.csv,19,split=test|protocol=k20|metric=HR@1,protocol,paper/tables/ms96_delta_summary.csv,split=test|protocol=k20_seed42|metric=HR@1,protocol,identity selection or protocol label normalization
ms96_delta_summary_compact.csv,19,split=test|protocol=k20|metric=HR@1,metric,paper/tables/ms96_delta_summary.csv,split=test|protocol=k20_seed42|metric=HR@1,metric,identity selection or protocol label normalization
ms96_delta_summary_compact.csv,19,split=test|protocol=k20|metric=HR@1,delta_definition,paper/tables/ms96_delta_summary.csv,split=test|protocol=k20_seed42|metric=HR@1,delta_definition,identity selection or protocol label normalization
ms96_delta_summary_compact.csv,19,split=test|protocol=k20|metric=HR@1,mean_delta,paper/tables/ms96_delta_summary.csv,split=test|protocol=k20_seed42|metric=HR@1,mean,identity selection
ms96_delta_summary_compact.csv,19,split=test|protocol=k20|metric=HR@1,sample_sd,paper/tables/ms96_delta_summary.csv,split=test|protocol=k20_seed42|metric=HR@1,sample_std,identity selection
ms96_delta_summary_compact.csv,19,split=test|protocol=k20|metric=HR@1,seed_directions_42_43_44,paper/tables/ms96_main_{split}.csv or paper/tables/ms96_protocol_{split}.csv,split=test|protocol=k20_seed42|metric=HR@1,within-seed delta_HR@1,sign only in seed order 42/43/44 from training_seed=42|protocol=k20_seed42;training_seed=43|protocol=k20_seed42;training_seed=44|protocol=k20_seed42
ms96_delta_summary_compact.csv,20,split=test|protocol=k20|metric=NDCG@5,split,paper/tables/ms96_delta_summary.csv,split=test|protocol=k20_seed42|metric=NDCG@5,split,identity selection or protocol label normalization
ms96_delta_summary_compact.csv,20,split=test|protocol=k20|metric=NDCG@5,protocol,paper/tables/ms96_delta_summary.csv,split=test|protocol=k20_seed42|metric=NDCG@5,protocol,identity selection or protocol label normalization
ms96_delta_summary_compact.csv,20,split=test|protocol=k20|metric=NDCG@5,metric,paper/tables/ms96_delta_summary.csv,split=test|protocol=k20_seed42|metric=NDCG@5,metric,identity selection or protocol label normalization
ms96_delta_summary_compact.csv,20,split=test|protocol=k20|metric=NDCG@5,delta_definition,paper/tables/ms96_delta_summary.csv,split=test|protocol=k20_seed42|metric=NDCG@5,delta_definition,identity selection or protocol label normalization
ms96_delta_summary_compact.csv,20,split=test|protocol=k20|metric=NDCG@5,mean_delta,paper/tables/ms96_delta_summary.csv,split=test|protocol=k20_seed42|metric=NDCG@5,mean,identity selection
ms96_delta_summary_compact.csv,20,split=test|protocol=k20|metric=NDCG@5,sample_sd,paper/tables/ms96_delta_summary.csv,split=test|protocol=k20_seed42|metric=NDCG@5,sample_std,identity selection
ms96_delta_summary_compact.csv,20,split=test|protocol=k20|metric=NDCG@5,seed_directions_42_43_44,paper/tables/ms96_main_{split}.csv or paper/tables/ms96_protocol_{split}.csv,split=test|protocol=k20_seed42|metric=NDCG@5,within-seed delta_NDCG@5,sign only in seed order 42/43/44 from training_seed=42|protocol=k20_seed42;training_seed=43|protocol=k20_seed42;training_seed=44|protocol=k20_seed42
ms96_delta_summary_compact.csv,21,split=test|protocol=k20|metric=MRR,split,paper/tables/ms96_delta_summary.csv,split=test|protocol=k20_seed42|metric=MRR,split,identity selection or protocol label normalization
ms96_delta_summary_compact.csv,21,split=test|protocol=k20|metric=MRR,protocol,paper/tables/ms96_delta_summary.csv,split=test|protocol=k20_seed42|metric=MRR,protocol,identity selection or protocol label normalization
ms96_delta_summary_compact.csv,21,split=test|protocol=k20|metric=MRR,metric,paper/tables/ms96_delta_summary.csv,split=test|protocol=k20_seed42|metric=MRR,metric,identity selection or protocol label normalization
ms96_delta_summary_compact.csv,21,split=test|protocol=k20|metric=MRR,delta_definition,paper/tables/ms96_delta_summary.csv,split=test|protocol=k20_seed42|metric=MRR,delta_definition,identity selection or protocol label normalization
ms96_delta_summary_compact.csv,21,split=test|protocol=k20|metric=MRR,mean_delta,paper/tables/ms96_delta_summary.csv,split=test|protocol=k20_seed42|metric=MRR,mean,identity selection
ms96_delta_summary_compact.csv,21,split=test|protocol=k20|metric=MRR,sample_sd,paper/tables/ms96_delta_summary.csv,split=test|protocol=k20_seed42|metric=MRR,sample_std,identity selection
ms96_delta_summary_compact.csv,21,split=test|protocol=k20|metric=MRR,seed_directions_42_43_44,paper/tables/ms96_main_{split}.csv or paper/tables/ms96_protocol_{split}.csv,split=test|protocol=k20_seed42|metric=MRR,within-seed delta_MRR,sign only in seed order 42/43/44 from training_seed=42|protocol=k20_seed42;training_seed=43|protocol=k20_seed42;training_seed=44|protocol=k20_seed42
ms96_delta_summary_compact.csv,22,split=test|protocol=k50|metric=HR@1,split,paper/tables/ms96_delta_summary.csv,split=test|protocol=k50_seed42|metric=HR@1,split,identity selection or protocol label normalization
ms96_delta_summary_compact.csv,22,split=test|protocol=k50|metric=HR@1,protocol,paper/tables/ms96_delta_summary.csv,split=test|protocol=k50_seed42|metric=HR@1,protocol,identity selection or protocol label normalization
ms96_delta_summary_compact.csv,22,split=test|protocol=k50|metric=HR@1,metric,paper/tables/ms96_delta_summary.csv,split=test|protocol=k50_seed42|metric=HR@1,metric,identity selection or protocol label normalization
ms96_delta_summary_compact.csv,22,split=test|protocol=k50|metric=HR@1,delta_definition,paper/tables/ms96_delta_summary.csv,split=test|protocol=k50_seed42|metric=HR@1,delta_definition,identity selection or protocol label normalization
ms96_delta_summary_compact.csv,22,split=test|protocol=k50|metric=HR@1,mean_delta,paper/tables/ms96_delta_summary.csv,split=test|protocol=k50_seed42|metric=HR@1,mean,identity selection
ms96_delta_summary_compact.csv,22,split=test|protocol=k50|metric=HR@1,sample_sd,paper/tables/ms96_delta_summary.csv,split=test|protocol=k50_seed42|metric=HR@1,sample_std,identity selection
ms96_delta_summary_compact.csv,22,split=test|protocol=k50|metric=HR@1,seed_directions_42_43_44,paper/tables/ms96_main_{split}.csv or paper/tables/ms96_protocol_{split}.csv,split=test|protocol=k50_seed42|metric=HR@1,within-seed delta_HR@1,sign only in seed order 42/43/44 from training_seed=42|protocol=k50_seed42;training_seed=43|protocol=k50_seed42;training_seed=44|protocol=k50_seed42
ms96_delta_summary_compact.csv,23,split=test|protocol=k50|metric=NDCG@5,split,paper/tables/ms96_delta_summary.csv,split=test|protocol=k50_seed42|metric=NDCG@5,split,identity selection or protocol label normalization
ms96_delta_summary_compact.csv,23,split=test|protocol=k50|metric=NDCG@5,protocol,paper/tables/ms96_delta_summary.csv,split=test|protocol=k50_seed42|metric=NDCG@5,protocol,identity selection or protocol label normalization
ms96_delta_summary_compact.csv,23,split=test|protocol=k50|metric=NDCG@5,metric,paper/tables/ms96_delta_summary.csv,split=test|protocol=k50_seed42|metric=NDCG@5,metric,identity selection or protocol label normalization
ms96_delta_summary_compact.csv,23,split=test|protocol=k50|metric=NDCG@5,delta_definition,paper/tables/ms96_delta_summary.csv,split=test|protocol=k50_seed42|metric=NDCG@5,delta_definition,identity selection or protocol label normalization
ms96_delta_summary_compact.csv,23,split=test|protocol=k50|metric=NDCG@5,mean_delta,paper/tables/ms96_delta_summary.csv,split=test|protocol=k50_seed42|metric=NDCG@5,mean,identity selection
ms96_delta_summary_compact.csv,23,split=test|protocol=k50|metric=NDCG@5,sample_sd,paper/tables/ms96_delta_summary.csv,split=test|protocol=k50_seed42|metric=NDCG@5,sample_std,identity selection
ms96_delta_summary_compact.csv,23,split=test|protocol=k50|metric=NDCG@5,seed_directions_42_43_44,paper/tables/ms96_main_{split}.csv or paper/tables/ms96_protocol_{split}.csv,split=test|protocol=k50_seed42|metric=NDCG@5,within-seed delta_NDCG@5,sign only in seed order 42/43/44 from training_seed=42|protocol=k50_seed42;training_seed=43|protocol=k50_seed42;training_seed=44|protocol=k50_seed42
ms96_delta_summary_compact.csv,24,split=test|protocol=k50|metric=MRR,split,paper/tables/ms96_delta_summary.csv,split=test|protocol=k50_seed42|metric=MRR,split,identity selection or protocol label normalization
ms96_delta_summary_compact.csv,24,split=test|protocol=k50|metric=MRR,protocol,paper/tables/ms96_delta_summary.csv,split=test|protocol=k50_seed42|metric=MRR,protocol,identity selection or protocol label normalization
ms96_delta_summary_compact.csv,24,split=test|protocol=k50|metric=MRR,metric,paper/tables/ms96_delta_summary.csv,split=test|protocol=k50_seed42|metric=MRR,metric,identity selection or protocol label normalization
ms96_delta_summary_compact.csv,24,split=test|protocol=k50|metric=MRR,delta_definition,paper/tables/ms96_delta_summary.csv,split=test|protocol=k50_seed42|metric=MRR,delta_definition,identity selection or protocol label normalization
ms96_delta_summary_compact.csv,24,split=test|protocol=k50|metric=MRR,mean_delta,paper/tables/ms96_delta_summary.csv,split=test|protocol=k50_seed42|metric=MRR,mean,identity selection
ms96_delta_summary_compact.csv,24,split=test|protocol=k50|metric=MRR,sample_sd,paper/tables/ms96_delta_summary.csv,split=test|protocol=k50_seed42|metric=MRR,sample_std,identity selection
ms96_delta_summary_compact.csv,24,split=test|protocol=k50|metric=MRR,seed_directions_42_43_44,paper/tables/ms96_main_{split}.csv or paper/tables/ms96_protocol_{split}.csv,split=test|protocol=k50_seed42|metric=MRR,within-seed delta_MRR,sign only in seed order 42/43/44 from training_seed=42|protocol=k50_seed42;training_seed=43|protocol=k50_seed42;training_seed=44|protocol=k50_seed42
hard_candidate_compact.csv,1,candidate_protocol=k5|split=validation|metric=HR@1,candidate_protocol,paper/tables/hard_candidate.csv,candidate_protocol=k5|split=validation|metric=HR@1,candidate_protocol,identity selection
hard_candidate_compact.csv,1,candidate_protocol=k5|split=validation|metric=HR@1,split,paper/tables/hard_candidate.csv,candidate_protocol=k5|split=validation|metric=HR@1,split,identity selection
hard_candidate_compact.csv,1,candidate_protocol=k5|split=validation|metric=HR@1,metric,paper/tables/hard_candidate.csv,candidate_protocol=k5|split=validation|metric=HR@1,metric,identity selection
hard_candidate_compact.csv,1,candidate_protocol=k5|split=validation|metric=HR@1,point_estimate,paper/tables/hard_candidate.csv,candidate_protocol=k5|split=validation|metric=HR@1,point_estimate,identity selection
hard_candidate_compact.csv,1,candidate_protocol=k5|split=validation|metric=HR@1,ci95_low,paper/tables/hard_candidate.csv,candidate_protocol=k5|split=validation|metric=HR@1,ci95_low,identity selection
hard_candidate_compact.csv,1,candidate_protocol=k5|split=validation|metric=HR@1,ci95_high,paper/tables/hard_candidate.csv,candidate_protocol=k5|split=validation|metric=HR@1,ci95_high,identity selection
hard_candidate_compact.csv,1,candidate_protocol=k5|split=validation|metric=HR@1,ci_status,paper/tables/hard_candidate.csv,candidate_protocol=k5|split=validation|metric=HR@1,ci95_low;ci95_high,deterministic interval-to-zero classification
hard_candidate_compact.csv,2,candidate_protocol=k5|split=validation|metric=NDCG@5,candidate_protocol,paper/tables/hard_candidate.csv,candidate_protocol=k5|split=validation|metric=NDCG@5,candidate_protocol,identity selection
hard_candidate_compact.csv,2,candidate_protocol=k5|split=validation|metric=NDCG@5,split,paper/tables/hard_candidate.csv,candidate_protocol=k5|split=validation|metric=NDCG@5,split,identity selection
hard_candidate_compact.csv,2,candidate_protocol=k5|split=validation|metric=NDCG@5,metric,paper/tables/hard_candidate.csv,candidate_protocol=k5|split=validation|metric=NDCG@5,metric,identity selection
hard_candidate_compact.csv,2,candidate_protocol=k5|split=validation|metric=NDCG@5,point_estimate,paper/tables/hard_candidate.csv,candidate_protocol=k5|split=validation|metric=NDCG@5,point_estimate,identity selection
hard_candidate_compact.csv,2,candidate_protocol=k5|split=validation|metric=NDCG@5,ci95_low,paper/tables/hard_candidate.csv,candidate_protocol=k5|split=validation|metric=NDCG@5,ci95_low,numeric bound omitted from compact display; retained in frozen source/archive
hard_candidate_compact.csv,2,candidate_protocol=k5|split=validation|metric=NDCG@5,ci95_high,paper/tables/hard_candidate.csv,candidate_protocol=k5|split=validation|metric=NDCG@5,ci95_high,numeric bound omitted from compact display; retained in frozen source/archive
hard_candidate_compact.csv,2,candidate_protocol=k5|split=validation|metric=NDCG@5,ci_status,paper/tables/hard_candidate.csv,candidate_protocol=k5|split=validation|metric=NDCG@5,ci95_low;ci95_high,deterministic interval-to-zero classification
hard_candidate_compact.csv,3,candidate_protocol=k5|split=validation|metric=MRR,candidate_protocol,paper/tables/hard_candidate.csv,candidate_protocol=k5|split=validation|metric=MRR,candidate_protocol,identity selection
hard_candidate_compact.csv,3,candidate_protocol=k5|split=validation|metric=MRR,split,paper/tables/hard_candidate.csv,candidate_protocol=k5|split=validation|metric=MRR,split,identity selection
hard_candidate_compact.csv,3,candidate_protocol=k5|split=validation|metric=MRR,metric,paper/tables/hard_candidate.csv,candidate_protocol=k5|split=validation|metric=MRR,metric,identity selection
hard_candidate_compact.csv,3,candidate_protocol=k5|split=validation|metric=MRR,point_estimate,paper/tables/hard_candidate.csv,candidate_protocol=k5|split=validation|metric=MRR,point_estimate,identity selection
hard_candidate_compact.csv,3,candidate_protocol=k5|split=validation|metric=MRR,ci95_low,paper/tables/hard_candidate.csv,candidate_protocol=k5|split=validation|metric=MRR,ci95_low,numeric bound omitted from compact display; retained in frozen source/archive
hard_candidate_compact.csv,3,candidate_protocol=k5|split=validation|metric=MRR,ci95_high,paper/tables/hard_candidate.csv,candidate_protocol=k5|split=validation|metric=MRR,ci95_high,numeric bound omitted from compact display; retained in frozen source/archive
hard_candidate_compact.csv,3,candidate_protocol=k5|split=validation|metric=MRR,ci_status,paper/tables/hard_candidate.csv,candidate_protocol=k5|split=validation|metric=MRR,ci95_low;ci95_high,deterministic interval-to-zero classification
hard_candidate_compact.csv,4,candidate_protocol=k5|split=test|metric=HR@1,candidate_protocol,paper/tables/hard_candidate.csv,candidate_protocol=k5|split=test|metric=HR@1,candidate_protocol,identity selection
hard_candidate_compact.csv,4,candidate_protocol=k5|split=test|metric=HR@1,split,paper/tables/hard_candidate.csv,candidate_protocol=k5|split=test|metric=HR@1,split,identity selection
hard_candidate_compact.csv,4,candidate_protocol=k5|split=test|metric=HR@1,metric,paper/tables/hard_candidate.csv,candidate_protocol=k5|split=test|metric=HR@1,metric,identity selection
hard_candidate_compact.csv,4,candidate_protocol=k5|split=test|metric=HR@1,point_estimate,paper/tables/hard_candidate.csv,candidate_protocol=k5|split=test|metric=HR@1,point_estimate,identity selection
hard_candidate_compact.csv,4,candidate_protocol=k5|split=test|metric=HR@1,ci95_low,paper/tables/hard_candidate.csv,candidate_protocol=k5|split=test|metric=HR@1,ci95_low,identity selection
hard_candidate_compact.csv,4,candidate_protocol=k5|split=test|metric=HR@1,ci95_high,paper/tables/hard_candidate.csv,candidate_protocol=k5|split=test|metric=HR@1,ci95_high,identity selection
hard_candidate_compact.csv,4,candidate_protocol=k5|split=test|metric=HR@1,ci_status,paper/tables/hard_candidate.csv,candidate_protocol=k5|split=test|metric=HR@1,ci95_low;ci95_high,deterministic interval-to-zero classification
hard_candidate_compact.csv,5,candidate_protocol=k5|split=test|metric=NDCG@5,candidate_protocol,paper/tables/hard_candidate.csv,candidate_protocol=k5|split=test|metric=NDCG@5,candidate_protocol,identity selection
hard_candidate_compact.csv,5,candidate_protocol=k5|split=test|metric=NDCG@5,split,paper/tables/hard_candidate.csv,candidate_protocol=k5|split=test|metric=NDCG@5,split,identity selection
hard_candidate_compact.csv,5,candidate_protocol=k5|split=test|metric=NDCG@5,metric,paper/tables/hard_candidate.csv,candidate_protocol=k5|split=test|metric=NDCG@5,metric,identity selection
hard_candidate_compact.csv,5,candidate_protocol=k5|split=test|metric=NDCG@5,point_estimate,paper/tables/hard_candidate.csv,candidate_protocol=k5|split=test|metric=NDCG@5,point_estimate,identity selection
hard_candidate_compact.csv,5,candidate_protocol=k5|split=test|metric=NDCG@5,ci95_low,paper/tables/hard_candidate.csv,candidate_protocol=k5|split=test|metric=NDCG@5,ci95_low,numeric bound omitted from compact display; retained in frozen source/archive
hard_candidate_compact.csv,5,candidate_protocol=k5|split=test|metric=NDCG@5,ci95_high,paper/tables/hard_candidate.csv,candidate_protocol=k5|split=test|metric=NDCG@5,ci95_high,numeric bound omitted from compact display; retained in frozen source/archive
hard_candidate_compact.csv,5,candidate_protocol=k5|split=test|metric=NDCG@5,ci_status,paper/tables/hard_candidate.csv,candidate_protocol=k5|split=test|metric=NDCG@5,ci95_low;ci95_high,deterministic interval-to-zero classification
hard_candidate_compact.csv,6,candidate_protocol=k5|split=test|metric=MRR,candidate_protocol,paper/tables/hard_candidate.csv,candidate_protocol=k5|split=test|metric=MRR,candidate_protocol,identity selection
hard_candidate_compact.csv,6,candidate_protocol=k5|split=test|metric=MRR,split,paper/tables/hard_candidate.csv,candidate_protocol=k5|split=test|metric=MRR,split,identity selection
hard_candidate_compact.csv,6,candidate_protocol=k5|split=test|metric=MRR,metric,paper/tables/hard_candidate.csv,candidate_protocol=k5|split=test|metric=MRR,metric,identity selection
hard_candidate_compact.csv,6,candidate_protocol=k5|split=test|metric=MRR,point_estimate,paper/tables/hard_candidate.csv,candidate_protocol=k5|split=test|metric=MRR,point_estimate,identity selection
hard_candidate_compact.csv,6,candidate_protocol=k5|split=test|metric=MRR,ci95_low,paper/tables/hard_candidate.csv,candidate_protocol=k5|split=test|metric=MRR,ci95_low,numeric bound omitted from compact display; retained in frozen source/archive
hard_candidate_compact.csv,6,candidate_protocol=k5|split=test|metric=MRR,ci95_high,paper/tables/hard_candidate.csv,candidate_protocol=k5|split=test|metric=MRR,ci95_high,numeric bound omitted from compact display; retained in frozen source/archive
hard_candidate_compact.csv,6,candidate_protocol=k5|split=test|metric=MRR,ci_status,paper/tables/hard_candidate.csv,candidate_protocol=k5|split=test|metric=MRR,ci95_low;ci95_high,deterministic interval-to-zero classification
hard_candidate_compact.csv,7,candidate_protocol=k20|split=validation|metric=HR@1,candidate_protocol,paper/tables/hard_candidate.csv,candidate_protocol=k20|split=validation|metric=HR@1,candidate_protocol,identity selection
hard_candidate_compact.csv,7,candidate_protocol=k20|split=validation|metric=HR@1,split,paper/tables/hard_candidate.csv,candidate_protocol=k20|split=validation|metric=HR@1,split,identity selection
hard_candidate_compact.csv,7,candidate_protocol=k20|split=validation|metric=HR@1,metric,paper/tables/hard_candidate.csv,candidate_protocol=k20|split=validation|metric=HR@1,metric,identity selection
hard_candidate_compact.csv,7,candidate_protocol=k20|split=validation|metric=HR@1,point_estimate,paper/tables/hard_candidate.csv,candidate_protocol=k20|split=validation|metric=HR@1,point_estimate,identity selection
hard_candidate_compact.csv,7,candidate_protocol=k20|split=validation|metric=HR@1,ci95_low,paper/tables/hard_candidate.csv,candidate_protocol=k20|split=validation|metric=HR@1,ci95_low,identity selection
hard_candidate_compact.csv,7,candidate_protocol=k20|split=validation|metric=HR@1,ci95_high,paper/tables/hard_candidate.csv,candidate_protocol=k20|split=validation|metric=HR@1,ci95_high,identity selection
hard_candidate_compact.csv,7,candidate_protocol=k20|split=validation|metric=HR@1,ci_status,paper/tables/hard_candidate.csv,candidate_protocol=k20|split=validation|metric=HR@1,ci95_low;ci95_high,deterministic interval-to-zero classification
hard_candidate_compact.csv,8,candidate_protocol=k20|split=validation|metric=NDCG@5,candidate_protocol,paper/tables/hard_candidate.csv,candidate_protocol=k20|split=validation|metric=NDCG@5,candidate_protocol,identity selection
hard_candidate_compact.csv,8,candidate_protocol=k20|split=validation|metric=NDCG@5,split,paper/tables/hard_candidate.csv,candidate_protocol=k20|split=validation|metric=NDCG@5,split,identity selection
hard_candidate_compact.csv,8,candidate_protocol=k20|split=validation|metric=NDCG@5,metric,paper/tables/hard_candidate.csv,candidate_protocol=k20|split=validation|metric=NDCG@5,metric,identity selection
hard_candidate_compact.csv,8,candidate_protocol=k20|split=validation|metric=NDCG@5,point_estimate,paper/tables/hard_candidate.csv,candidate_protocol=k20|split=validation|metric=NDCG@5,point_estimate,identity selection
hard_candidate_compact.csv,8,candidate_protocol=k20|split=validation|metric=NDCG@5,ci95_low,paper/tables/hard_candidate.csv,candidate_protocol=k20|split=validation|metric=NDCG@5,ci95_low,numeric bound omitted from compact display; retained in frozen source/archive
hard_candidate_compact.csv,8,candidate_protocol=k20|split=validation|metric=NDCG@5,ci95_high,paper/tables/hard_candidate.csv,candidate_protocol=k20|split=validation|metric=NDCG@5,ci95_high,numeric bound omitted from compact display; retained in frozen source/archive
hard_candidate_compact.csv,8,candidate_protocol=k20|split=validation|metric=NDCG@5,ci_status,paper/tables/hard_candidate.csv,candidate_protocol=k20|split=validation|metric=NDCG@5,ci95_low;ci95_high,deterministic interval-to-zero classification
hard_candidate_compact.csv,9,candidate_protocol=k20|split=validation|metric=MRR,candidate_protocol,paper/tables/hard_candidate.csv,candidate_protocol=k20|split=validation|metric=MRR,candidate_protocol,identity selection
hard_candidate_compact.csv,9,candidate_protocol=k20|split=validation|metric=MRR,split,paper/tables/hard_candidate.csv,candidate_protocol=k20|split=validation|metric=MRR,split,identity selection
hard_candidate_compact.csv,9,candidate_protocol=k20|split=validation|metric=MRR,metric,paper/tables/hard_candidate.csv,candidate_protocol=k20|split=validation|metric=MRR,metric,identity selection
hard_candidate_compact.csv,9,candidate_protocol=k20|split=validation|metric=MRR,point_estimate,paper/tables/hard_candidate.csv,candidate_protocol=k20|split=validation|metric=MRR,point_estimate,identity selection
hard_candidate_compact.csv,9,candidate_protocol=k20|split=validation|metric=MRR,ci95_low,paper/tables/hard_candidate.csv,candidate_protocol=k20|split=validation|metric=MRR,ci95_low,numeric bound omitted from compact display; retained in frozen source/archive
hard_candidate_compact.csv,9,candidate_protocol=k20|split=validation|metric=MRR,ci95_high,paper/tables/hard_candidate.csv,candidate_protocol=k20|split=validation|metric=MRR,ci95_high,numeric bound omitted from compact display; retained in frozen source/archive
hard_candidate_compact.csv,9,candidate_protocol=k20|split=validation|metric=MRR,ci_status,paper/tables/hard_candidate.csv,candidate_protocol=k20|split=validation|metric=MRR,ci95_low;ci95_high,deterministic interval-to-zero classification
hard_candidate_compact.csv,10,candidate_protocol=k20|split=test|metric=HR@1,candidate_protocol,paper/tables/hard_candidate.csv,candidate_protocol=k20|split=test|metric=HR@1,candidate_protocol,identity selection
hard_candidate_compact.csv,10,candidate_protocol=k20|split=test|metric=HR@1,split,paper/tables/hard_candidate.csv,candidate_protocol=k20|split=test|metric=HR@1,split,identity selection
hard_candidate_compact.csv,10,candidate_protocol=k20|split=test|metric=HR@1,metric,paper/tables/hard_candidate.csv,candidate_protocol=k20|split=test|metric=HR@1,metric,identity selection
hard_candidate_compact.csv,10,candidate_protocol=k20|split=test|metric=HR@1,point_estimate,paper/tables/hard_candidate.csv,candidate_protocol=k20|split=test|metric=HR@1,point_estimate,identity selection
hard_candidate_compact.csv,10,candidate_protocol=k20|split=test|metric=HR@1,ci95_low,paper/tables/hard_candidate.csv,candidate_protocol=k20|split=test|metric=HR@1,ci95_low,identity selection
hard_candidate_compact.csv,10,candidate_protocol=k20|split=test|metric=HR@1,ci95_high,paper/tables/hard_candidate.csv,candidate_protocol=k20|split=test|metric=HR@1,ci95_high,identity selection
hard_candidate_compact.csv,10,candidate_protocol=k20|split=test|metric=HR@1,ci_status,paper/tables/hard_candidate.csv,candidate_protocol=k20|split=test|metric=HR@1,ci95_low;ci95_high,deterministic interval-to-zero classification
hard_candidate_compact.csv,11,candidate_protocol=k20|split=test|metric=NDCG@5,candidate_protocol,paper/tables/hard_candidate.csv,candidate_protocol=k20|split=test|metric=NDCG@5,candidate_protocol,identity selection
hard_candidate_compact.csv,11,candidate_protocol=k20|split=test|metric=NDCG@5,split,paper/tables/hard_candidate.csv,candidate_protocol=k20|split=test|metric=NDCG@5,split,identity selection
hard_candidate_compact.csv,11,candidate_protocol=k20|split=test|metric=NDCG@5,metric,paper/tables/hard_candidate.csv,candidate_protocol=k20|split=test|metric=NDCG@5,metric,identity selection
hard_candidate_compact.csv,11,candidate_protocol=k20|split=test|metric=NDCG@5,point_estimate,paper/tables/hard_candidate.csv,candidate_protocol=k20|split=test|metric=NDCG@5,point_estimate,identity selection
hard_candidate_compact.csv,11,candidate_protocol=k20|split=test|metric=NDCG@5,ci95_low,paper/tables/hard_candidate.csv,candidate_protocol=k20|split=test|metric=NDCG@5,ci95_low,numeric bound omitted from compact display; retained in frozen source/archive
hard_candidate_compact.csv,11,candidate_protocol=k20|split=test|metric=NDCG@5,ci95_high,paper/tables/hard_candidate.csv,candidate_protocol=k20|split=test|metric=NDCG@5,ci95_high,numeric bound omitted from compact display; retained in frozen source/archive
hard_candidate_compact.csv,11,candidate_protocol=k20|split=test|metric=NDCG@5,ci_status,paper/tables/hard_candidate.csv,candidate_protocol=k20|split=test|metric=NDCG@5,ci95_low;ci95_high,deterministic interval-to-zero classification
hard_candidate_compact.csv,12,candidate_protocol=k20|split=test|metric=MRR,candidate_protocol,paper/tables/hard_candidate.csv,candidate_protocol=k20|split=test|metric=MRR,candidate_protocol,identity selection
hard_candidate_compact.csv,12,candidate_protocol=k20|split=test|metric=MRR,split,paper/tables/hard_candidate.csv,candidate_protocol=k20|split=test|metric=MRR,split,identity selection
hard_candidate_compact.csv,12,candidate_protocol=k20|split=test|metric=MRR,metric,paper/tables/hard_candidate.csv,candidate_protocol=k20|split=test|metric=MRR,metric,identity selection
hard_candidate_compact.csv,12,candidate_protocol=k20|split=test|metric=MRR,point_estimate,paper/tables/hard_candidate.csv,candidate_protocol=k20|split=test|metric=MRR,point_estimate,identity selection
hard_candidate_compact.csv,12,candidate_protocol=k20|split=test|metric=MRR,ci95_low,paper/tables/hard_candidate.csv,candidate_protocol=k20|split=test|metric=MRR,ci95_low,numeric bound omitted from compact display; retained in frozen source/archive
hard_candidate_compact.csv,12,candidate_protocol=k20|split=test|metric=MRR,ci95_high,paper/tables/hard_candidate.csv,candidate_protocol=k20|split=test|metric=MRR,ci95_high,numeric bound omitted from compact display; retained in frozen source/archive
hard_candidate_compact.csv,12,candidate_protocol=k20|split=test|metric=MRR,ci_status,paper/tables/hard_candidate.csv,candidate_protocol=k20|split=test|metric=MRR,ci95_low;ci95_high,deterministic interval-to-zero classification
hard_candidate_compact.csv,13,candidate_protocol=k50|split=validation|metric=HR@1,candidate_protocol,paper/tables/hard_candidate.csv,candidate_protocol=k50|split=validation|metric=HR@1,candidate_protocol,identity selection
hard_candidate_compact.csv,13,candidate_protocol=k50|split=validation|metric=HR@1,split,paper/tables/hard_candidate.csv,candidate_protocol=k50|split=validation|metric=HR@1,split,identity selection
hard_candidate_compact.csv,13,candidate_protocol=k50|split=validation|metric=HR@1,metric,paper/tables/hard_candidate.csv,candidate_protocol=k50|split=validation|metric=HR@1,metric,identity selection
hard_candidate_compact.csv,13,candidate_protocol=k50|split=validation|metric=HR@1,point_estimate,paper/tables/hard_candidate.csv,candidate_protocol=k50|split=validation|metric=HR@1,point_estimate,identity selection
hard_candidate_compact.csv,13,candidate_protocol=k50|split=validation|metric=HR@1,ci95_low,paper/tables/hard_candidate.csv,candidate_protocol=k50|split=validation|metric=HR@1,ci95_low,identity selection
hard_candidate_compact.csv,13,candidate_protocol=k50|split=validation|metric=HR@1,ci95_high,paper/tables/hard_candidate.csv,candidate_protocol=k50|split=validation|metric=HR@1,ci95_high,identity selection
hard_candidate_compact.csv,13,candidate_protocol=k50|split=validation|metric=HR@1,ci_status,paper/tables/hard_candidate.csv,candidate_protocol=k50|split=validation|metric=HR@1,ci95_low;ci95_high,deterministic interval-to-zero classification
hard_candidate_compact.csv,14,candidate_protocol=k50|split=validation|metric=NDCG@5,candidate_protocol,paper/tables/hard_candidate.csv,candidate_protocol=k50|split=validation|metric=NDCG@5,candidate_protocol,identity selection
hard_candidate_compact.csv,14,candidate_protocol=k50|split=validation|metric=NDCG@5,split,paper/tables/hard_candidate.csv,candidate_protocol=k50|split=validation|metric=NDCG@5,split,identity selection
hard_candidate_compact.csv,14,candidate_protocol=k50|split=validation|metric=NDCG@5,metric,paper/tables/hard_candidate.csv,candidate_protocol=k50|split=validation|metric=NDCG@5,metric,identity selection
hard_candidate_compact.csv,14,candidate_protocol=k50|split=validation|metric=NDCG@5,point_estimate,paper/tables/hard_candidate.csv,candidate_protocol=k50|split=validation|metric=NDCG@5,point_estimate,identity selection
hard_candidate_compact.csv,14,candidate_protocol=k50|split=validation|metric=NDCG@5,ci95_low,paper/tables/hard_candidate.csv,candidate_protocol=k50|split=validation|metric=NDCG@5,ci95_low,numeric bound omitted from compact display; retained in frozen source/archive
hard_candidate_compact.csv,14,candidate_protocol=k50|split=validation|metric=NDCG@5,ci95_high,paper/tables/hard_candidate.csv,candidate_protocol=k50|split=validation|metric=NDCG@5,ci95_high,numeric bound omitted from compact display; retained in frozen source/archive
hard_candidate_compact.csv,14,candidate_protocol=k50|split=validation|metric=NDCG@5,ci_status,paper/tables/hard_candidate.csv,candidate_protocol=k50|split=validation|metric=NDCG@5,ci95_low;ci95_high,deterministic interval-to-zero classification
hard_candidate_compact.csv,15,candidate_protocol=k50|split=validation|metric=MRR,candidate_protocol,paper/tables/hard_candidate.csv,candidate_protocol=k50|split=validation|metric=MRR,candidate_protocol,identity selection
hard_candidate_compact.csv,15,candidate_protocol=k50|split=validation|metric=MRR,split,paper/tables/hard_candidate.csv,candidate_protocol=k50|split=validation|metric=MRR,split,identity selection
hard_candidate_compact.csv,15,candidate_protocol=k50|split=validation|metric=MRR,metric,paper/tables/hard_candidate.csv,candidate_protocol=k50|split=validation|metric=MRR,metric,identity selection
hard_candidate_compact.csv,15,candidate_protocol=k50|split=validation|metric=MRR,point_estimate,paper/tables/hard_candidate.csv,candidate_protocol=k50|split=validation|metric=MRR,point_estimate,identity selection
hard_candidate_compact.csv,15,candidate_protocol=k50|split=validation|metric=MRR,ci95_low,paper/tables/hard_candidate.csv,candidate_protocol=k50|split=validation|metric=MRR,ci95_low,numeric bound omitted from compact display; retained in frozen source/archive
hard_candidate_compact.csv,15,candidate_protocol=k50|split=validation|metric=MRR,ci95_high,paper/tables/hard_candidate.csv,candidate_protocol=k50|split=validation|metric=MRR,ci95_high,numeric bound omitted from compact display; retained in frozen source/archive
hard_candidate_compact.csv,15,candidate_protocol=k50|split=validation|metric=MRR,ci_status,paper/tables/hard_candidate.csv,candidate_protocol=k50|split=validation|metric=MRR,ci95_low;ci95_high,deterministic interval-to-zero classification
hard_candidate_compact.csv,16,candidate_protocol=k50|split=test|metric=HR@1,candidate_protocol,paper/tables/hard_candidate.csv,candidate_protocol=k50|split=test|metric=HR@1,candidate_protocol,identity selection
hard_candidate_compact.csv,16,candidate_protocol=k50|split=test|metric=HR@1,split,paper/tables/hard_candidate.csv,candidate_protocol=k50|split=test|metric=HR@1,split,identity selection
hard_candidate_compact.csv,16,candidate_protocol=k50|split=test|metric=HR@1,metric,paper/tables/hard_candidate.csv,candidate_protocol=k50|split=test|metric=HR@1,metric,identity selection
hard_candidate_compact.csv,16,candidate_protocol=k50|split=test|metric=HR@1,point_estimate,paper/tables/hard_candidate.csv,candidate_protocol=k50|split=test|metric=HR@1,point_estimate,identity selection
hard_candidate_compact.csv,16,candidate_protocol=k50|split=test|metric=HR@1,ci95_low,paper/tables/hard_candidate.csv,candidate_protocol=k50|split=test|metric=HR@1,ci95_low,identity selection
hard_candidate_compact.csv,16,candidate_protocol=k50|split=test|metric=HR@1,ci95_high,paper/tables/hard_candidate.csv,candidate_protocol=k50|split=test|metric=HR@1,ci95_high,identity selection
hard_candidate_compact.csv,16,candidate_protocol=k50|split=test|metric=HR@1,ci_status,paper/tables/hard_candidate.csv,candidate_protocol=k50|split=test|metric=HR@1,ci95_low;ci95_high,deterministic interval-to-zero classification
hard_candidate_compact.csv,17,candidate_protocol=k50|split=test|metric=NDCG@5,candidate_protocol,paper/tables/hard_candidate.csv,candidate_protocol=k50|split=test|metric=NDCG@5,candidate_protocol,identity selection
hard_candidate_compact.csv,17,candidate_protocol=k50|split=test|metric=NDCG@5,split,paper/tables/hard_candidate.csv,candidate_protocol=k50|split=test|metric=NDCG@5,split,identity selection
hard_candidate_compact.csv,17,candidate_protocol=k50|split=test|metric=NDCG@5,metric,paper/tables/hard_candidate.csv,candidate_protocol=k50|split=test|metric=NDCG@5,metric,identity selection
hard_candidate_compact.csv,17,candidate_protocol=k50|split=test|metric=NDCG@5,point_estimate,paper/tables/hard_candidate.csv,candidate_protocol=k50|split=test|metric=NDCG@5,point_estimate,identity selection
hard_candidate_compact.csv,17,candidate_protocol=k50|split=test|metric=NDCG@5,ci95_low,paper/tables/hard_candidate.csv,candidate_protocol=k50|split=test|metric=NDCG@5,ci95_low,numeric bound omitted from compact display; retained in frozen source/archive
hard_candidate_compact.csv,17,candidate_protocol=k50|split=test|metric=NDCG@5,ci95_high,paper/tables/hard_candidate.csv,candidate_protocol=k50|split=test|metric=NDCG@5,ci95_high,numeric bound omitted from compact display; retained in frozen source/archive
hard_candidate_compact.csv,17,candidate_protocol=k50|split=test|metric=NDCG@5,ci_status,paper/tables/hard_candidate.csv,candidate_protocol=k50|split=test|metric=NDCG@5,ci95_low;ci95_high,deterministic interval-to-zero classification
hard_candidate_compact.csv,18,candidate_protocol=k50|split=test|metric=MRR,candidate_protocol,paper/tables/hard_candidate.csv,candidate_protocol=k50|split=test|metric=MRR,candidate_protocol,identity selection
hard_candidate_compact.csv,18,candidate_protocol=k50|split=test|metric=MRR,split,paper/tables/hard_candidate.csv,candidate_protocol=k50|split=test|metric=MRR,split,identity selection
hard_candidate_compact.csv,18,candidate_protocol=k50|split=test|metric=MRR,metric,paper/tables/hard_candidate.csv,candidate_protocol=k50|split=test|metric=MRR,metric,identity selection
hard_candidate_compact.csv,18,candidate_protocol=k50|split=test|metric=MRR,point_estimate,paper/tables/hard_candidate.csv,candidate_protocol=k50|split=test|metric=MRR,point_estimate,identity selection
hard_candidate_compact.csv,18,candidate_protocol=k50|split=test|metric=MRR,ci95_low,paper/tables/hard_candidate.csv,candidate_protocol=k50|split=test|metric=MRR,ci95_low,numeric bound omitted from compact display; retained in frozen source/archive
hard_candidate_compact.csv,18,candidate_protocol=k50|split=test|metric=MRR,ci95_high,paper/tables/hard_candidate.csv,candidate_protocol=k50|split=test|metric=MRR,ci95_high,numeric bound omitted from compact display; retained in frozen source/archive
hard_candidate_compact.csv,18,candidate_protocol=k50|split=test|metric=MRR,ci_status,paper/tables/hard_candidate.csv,candidate_protocol=k50|split=test|metric=MRR,ci95_low;ci95_high,deterministic interval-to-zero classification
