training_seed,split,protocol,metric,specialist_value,multitask_value,delta,delta_definition
42,validation,binary,AUC,0.7843504067,0.7868352749,0.0024848682000000455,M1-Y - Y96
42,validation,binary,F1,0.7783174665,0.7838427948,0.005525328299999965,M1-Y - Y96
42,validation,binary,Accuracy,0.7235279864,0.7281318149,0.004603828499999962,M1-Y - Y96
42,validation,k5,HR@1,0.6237885463,0.6234361233,0.0003524230000000461,N96 - M1-N
42,validation,k5,NDCG@5,0.8302923694,0.8291402759,0.0011520935000000065,N96 - M1-N
42,validation,k5,MRR,0.7732422907,0.771753304,0.0014889866999999724,N96 - M1-N
42,validation,k20_seed42,HR@1,0.3890748898678414,0.27665198237885463,0.11242290748898676,N96 - M1-N
42,validation,k20_seed42,NDCG@5,0.5209809565825009,0.3940015350323287,0.12697942155017217,N96 - M1-N
42,validation,k20_seed42,MRR,0.5248862838190325,0.41863020366990455,0.10625608014912791,N96 - M1-N
42,validation,k50_seed42,HR@1,0.09585903083700441,0.07876651982378854,0.017092511013215864,N96 - M1-N
42,validation,k50_seed42,NDCG@5,0.13444222261012798,0.10548664597363892,0.028955576636489053,N96 - M1-N
42,validation,k50_seed42,MRR,0.18514489749687316,0.15931553733972098,0.025829360157152176,N96 - M1-N
43,validation,binary,AUC,0.7790875353784678,0.7881196538118724,0.009032118433404679,M1-Y - Y96
43,validation,binary,F1,0.7832388153749212,0.7868914807302231,0.003652665355301843,M1-Y - Y96
43,validation,binary,Accuracy,0.7221549147887892,0.7284548905581132,0.006299975769323951,M1-Y - Y96
43,validation,k5,HR@1,0.6280176211453744,0.625374449339207,0.002643171806167355,N96 - M1-N
43,validation,k5,NDCG@5,0.832156605352138,0.8303896742566036,0.0017669310955343853,N96 - M1-N
43,validation,k5,MRR,0.7757151248164464,0.773400881057268,0.002314243759178436,N96 - M1-N
43,validation,k20_seed42,HR@1,0.2770044052863436,0.19559471365638767,0.08140969162995595,N96 - M1-N
43,validation,k20_seed42,NDCG@5,0.37971550654226055,0.253310743481913,0.12640476306034754,N96 - M1-N
43,validation,k20_seed42,MRR,0.4152810342717859,0.3240114880542936,0.09126954621749234,N96 - M1-N
43,validation,k50_seed42,HR@1,0.07859030837004405,0.07524229074889868,0.003348017621145366,N96 - M1-N
43,validation,k50_seed42,NDCG@5,0.09854372119592648,0.09386525429234067,0.0046784669035858095,N96 - M1-N
43,validation,k50_seed42,MRR,0.1566889507715567,0.14503383958185895,0.011655111189697753,N96 - M1-N
44,validation,binary,AUC,0.7821654923930735,0.7851159777663799,0.002950485373306333,M1-Y - Y96
44,validation,binary,F1,0.7800167385566213,0.7844838425751289,0.004467104018507584,M1-Y - Y96
44,validation,binary,Accuracy,0.7240125999515387,0.7231241418302238,-0.0008884581213148834,M1-Y - Y96
44,validation,k5,HR@1,0.6352422907488987,0.6206167400881057,0.014625550660792963,N96 - M1-N
44,validation,k5,NDCG@5,0.8345124329410781,0.8291123175309154,0.00540011541016272,N96 - M1-N
44,validation,k5,MRR,0.778957415565344,0.7716211453744493,0.007336270190894778,N96 - M1-N
44,validation,k20_seed42,HR@1,0.2452863436123348,0.19418502202643173,0.05110132158590308,N96 - M1-N
44,validation,k20_seed42,NDCG@5,0.3509868580977709,0.24504960260626638,0.10593725549150454,N96 - M1-N
44,validation,k20_seed42,MRR,0.38995501935436605,0.32281803130547954,0.06713698804888651,N96 - M1-N
44,validation,k50_seed42,HR@1,0.07947136563876651,0.06907488986784141,0.010396475770925104,N96 - M1-N
44,validation,k50_seed42,NDCG@5,0.10060689012540935,0.09067716232606007,0.00992972779934928,N96 - M1-N
44,validation,k50_seed42,MRR,0.15983718538588396,0.14182564583881627,0.01801153954706769,N96 - M1-N
42,test,binary,AUC,0.7853511126,0.7864837284,0.0011326158000000142,M1-Y - Y96
42,test,binary,F1,0.7780238029,0.7835646558,0.0055408529000000595,M1-Y - Y96
42,test,binary,Accuracy,0.7221067221,0.7271309771,0.005024254999999922,M1-Y - Y96
42,test,k5,HR@1,0.6100440529,0.5973568282,0.012687224699999944,N96 - M1-N
42,test,k5,NDCG@5,0.8218966233,0.8162307888,0.005665834500000022,N96 - M1-N
42,test,k5,MRR,0.7622026432,0.7546490455,0.00755359769999997,N96 - M1-N
42,test,k20_seed42,HR@1,0.3758590308370044,0.2611453744493392,0.11471365638766517,N96 - M1-N
42,test,k20_seed42,NDCG@5,0.5014430507361404,0.37551050733874575,0.12593254339739463,N96 - M1-N
42,test,k20_seed42,MRR,0.5099145579215411,0.4040452485576725,0.10586930936386857,N96 - M1-N
42,test,k50_seed42,HR@1,0.08299559471365639,0.06907488986784141,0.01392070484581498,N96 - M1-N
42,test,k50_seed42,NDCG@5,0.12530579177654286,0.09752771100003052,0.027778080776512337,N96 - M1-N
42,test,k50_seed42,MRR,0.17460505996585443,0.15118706139120325,0.023417998574651183,N96 - M1-N
43,test,binary,AUC,0.7815048040131269,0.7849652027703679,0.0034603987572409123,M1-Y - Y96
43,test,binary,F1,0.7785762711864407,0.7845401440021736,0.005963872815732962,M1-Y - Y96
43,test,binary,Accuracy,0.717082467082467,0.7252252252252253,0.008142758142758222,M1-Y - Y96
43,test,k5,HR@1,0.613920704845815,0.6061674008810573,0.007753303964757707,N96 - M1-N
43,test,k5,NDCG@5,0.8237104381564747,0.8191371392216723,0.004573298934802406,N96 - M1-N
43,test,k5,MRR,0.7646196769456695,0.7586108663729828,0.006008810572686651,N96 - M1-N
43,test,k20_seed42,HR@1,0.2688986784140969,0.1971806167400881,0.07171806167400882,N96 - M1-N
43,test,k20_seed42,NDCG@5,0.37103626248934385,0.24884570648169552,0.12219055600764833,N96 - M1-N
43,test,k20_seed42,MRR,0.4069725230201683,0.32062602582168614,0.08634649719848214,N96 - M1-N
43,test,k50_seed42,HR@1,0.06766519823788546,0.06255506607929516,0.005110132158590297,N96 - M1-N
43,test,k50_seed42,NDCG@5,0.09062693518105605,0.08625989280353889,0.004367042377517158,N96 - M1-N
43,test,k50_seed42,MRR,0.14795180544114464,0.13632574613741738,0.01162605930372726,N96 - M1-N
44,test,binary,AUC,0.7802665958143491,0.7857056225275105,0.005439026713161432,M1-Y - Y96
44,test,binary,F1,0.7769764406896078,0.7875151678576244,0.010538727168016626,M1-Y - Y96
44,test,binary,Accuracy,0.7187283437283437,0.726957726957727,0.00822938322938327,M1-Y - Y96
44,test,k5,HR@1,0.6105726872246696,0.6005286343612335,0.010044052863436126,N96 - M1-N
44,test,k5,NDCG@5,0.8220727346840286,0.817267664294507,0.004805070389521604,N96 - M1-N
44,test,k5,MRR,0.7624375917767996,0.75605873715125,0.006378854625549546,N96 - M1-N
44,test,k20_seed42,HR@1,0.2373568281938326,0.19083700440528634,0.04651982378854627,N96 - M1-N
44,test,k20_seed42,NDCG@5,0.33996778810027045,0.2387944363405969,0.10117335175967354,N96 - M1-N
44,test,k20_seed42,MRR,0.3805081922725025,0.31715601347412326,0.06335217879837923,N96 - M1-N
44,test,k50_seed42,HR@1,0.07048458149779736,0.05920704845814978,0.011277533039647583,N96 - M1-N
44,test,k50_seed42,NDCG@5,0.09359592061004439,0.0835008598929818,0.010095060717062593,N96 - M1-N
44,test,k50_seed42,MRR,0.1533174452972071,0.13465463156286145,0.01866281373434564,N96 - M1-N
